/*
Navicat MySQL Data Transfer

Source Server         : localhost_3306
Source Server Version : 50505
Source Host           : localhost:3306
Source Database       : members

Target Server Type    : MYSQL
Target Server Version : 50505
File Encoding         : 65001

Date: 2021-01-18 10:00:13
*/

SET FOREIGN_KEY_CHECKS=0;

-- ----------------------------
-- Table structure for admin
-- ----------------------------
DROP TABLE IF EXISTS `admin`;
CREATE TABLE `admin` (
  `id` int(11) NOT NULL AUTO_INCREMENT,
  `name` varchar(20) COLLATE utf8mb4_unicode_ci DEFAULT NULL,
  `password` varchar(30) COLLATE utf8mb4_unicode_ci DEFAULT '',
  `role` char(1) COLLATE utf8mb4_unicode_ci DEFAULT '1' COMMENT '0-管理,1-家長,2-校方',
  `up_date` datetime DEFAULT current_timestamp() ON UPDATE current_timestamp(),
  `marea_id` varchar(8) COLLATE utf8mb4_unicode_ci DEFAULT NULL,
  `ip_addr` varchar(30) COLLATE utf8mb4_unicode_ci DEFAULT NULL,
  PRIMARY KEY (`id`)
) ENGINE=InnoDB AUTO_INCREMENT=204 DEFAULT CHARSET=utf8mb4 COLLATE=utf8mb4_unicode_ci;

-- ----------------------------
-- Records of admin
-- ----------------------------
INSERT INTO `admin` VALUES ('161', '3111111', '', '2', '2020-07-27 17:18:49', '5AL11', '2404:0:8034:cec3:d12f:b24:25e8');
INSERT INTO `admin` VALUES ('162', '3660001', '', '2', '2020-08-18 09:42:48', '5A4E1', '36.228.9.65');
INSERT INTO `admin` VALUES ('163', '3660002', '', '2', '2020-08-18 10:12:37', '5AB51', '2401:e180:8884:e64e:d50d:c33a:');
INSERT INTO `admin` VALUES ('164', '3660003', '', '2', '2020-08-18 10:20:02', '5A2R1', '2401:e180:8c80:504:a4f9:fded:9');
INSERT INTO `admin` VALUES ('165', '3660005', '', '2', '2020-08-18 14:47:03', '6PP71', '36.228.9.65');
INSERT INTO `admin` VALUES ('166', '3660006', '', '2', '2020-08-18 15:03:24', '6PQ81', '36.228.9.65');
INSERT INTO `admin` VALUES ('167', '3660007', '', '2', '2020-08-18 15:25:44', '5A4P1', '36.228.9.65');
INSERT INTO `admin` VALUES ('168', '0928-248010', '', '2', '2020-08-19 14:38:25', '5A2D1', '107.181.177.144');
INSERT INTO `admin` VALUES ('169', '0990-000015', '', '2', '2020-08-19 15:46:16', '5A851', '2401:e180:8c90:12c3:7d1a:977a:');
INSERT INTO `admin` VALUES ('170', '3660008', '', '2', '2020-08-19 15:54:48', '5A6C1', '36.228.9.65');
INSERT INTO `admin` VALUES ('171', '3660009', '', '2', '2020-08-19 16:18:58', '6PT21', '36.228.9.65');
INSERT INTO `admin` VALUES ('172', '3660010', '', '2', '2020-08-19 16:21:08', '5AW51', '36.228.9.65');
INSERT INTO `admin` VALUES ('173', '0919-962584', '', '1', '2020-08-20 09:50:08', '6PP71', '36.228.9.65');
INSERT INTO `admin` VALUES ('174', '0990-000020', '', '1', '2020-08-20 13:17:46', '6PG51', '36.228.9.65');
INSERT INTO `admin` VALUES ('175', '0990-000021', '', '1', '2020-08-20 13:33:04', '6P691', '36.228.9.65');
INSERT INTO `admin` VALUES ('176', '0990-000022', '', '1', '2020-08-20 13:37:18', '6P7D1', '36.228.9.65');
INSERT INTO `admin` VALUES ('177', '0990-000023', '', '1', '2020-08-20 13:40:38', '5A491', '36.228.9.65');
INSERT INTO `admin` VALUES ('178', '0990-000024', '', '1', '2020-08-20 13:42:51', '6P401', '36.228.9.65');
INSERT INTO `admin` VALUES ('179', '0990-000025', '', '1', '2020-08-20 13:45:53', '5A1P1', '36.228.9.65');
INSERT INTO `admin` VALUES ('180', '0990-000026', '', '2', '2020-08-20 14:04:54', '6PJ51', '36.228.9.65');
INSERT INTO `admin` VALUES ('181', '0990-000027', '', '2', '2020-08-20 14:07:48', '6PH21', '36.228.9.65');
INSERT INTO `admin` VALUES ('182', '3100001', '', '2', '2020-08-21 14:46:50', '5A011', '36.228.9.65');
INSERT INTO `admin` VALUES ('183', '3110001', '', '2', '2020-08-21 15:00:35', '5A011', '36.228.9.65');
INSERT INTO `admin` VALUES ('184', '0933-063303', '', '1', '2020-10-05 14:43:54', '6PX21', '110.50.145.179');
INSERT INTO `admin` VALUES ('185', '0933-063203', '', '1', '2020-10-05 14:45:45', '6PX21', '110.50.145.179');
INSERT INTO `admin` VALUES ('186', '3000002', '', '2', '2020-10-08 15:13:14', '5A2G1', '220.141.115.38');
INSERT INTO `admin` VALUES ('187', '3333334', '', '1', '2020-10-08 15:41:13', '5A2G1', '220.141.115.38');
INSERT INTO `admin` VALUES ('188', '3681507', '', '2', '2020-11-11 13:37:56', '5A1K1', '110.50.149.142');
INSERT INTO `admin` VALUES ('189', '0933-063203', '', '1', '2020-11-11 13:42:11', '5A1K1', '110.50.149.142');
INSERT INTO `admin` VALUES ('190', '0911-111111', '', '1', '2020-11-11 13:43:58', '5A1K1', '110.50.149.142');
INSERT INTO `admin` VALUES ('191', '26731996', '', '2', '2020-11-12 10:13:20', '6PX21', '110.50.141.244');
INSERT INTO `admin` VALUES ('192', '0900-000000', '', '1', '2020-11-12 10:15:59', '6PX21', '110.50.141.244');
INSERT INTO `admin` VALUES ('193', '0922-222222', '', '1', '2020-11-12 10:18:19', '6PX21', '110.50.141.244');
INSERT INTO `admin` VALUES ('194', '0922-222222', '', '1', '2020-11-12 10:35:36', '5A1K1', '110.50.141.244');
INSERT INTO `admin` VALUES ('195', '0933-333333', '', '1', '2020-11-12 10:42:00', '6PX21', '110.50.141.244');
INSERT INTO `admin` VALUES ('196', '26728875', '', '2', '2020-11-16 17:33:52', '5A3V1', '118.166.51.128');
INSERT INTO `admin` VALUES ('197', '3615999', '', '2', '2020-11-24 16:21:54', '5A691', '2402:7500:569:f465:51cc:b0bf:2');
INSERT INTO `admin` VALUES ('198', '0920-626010', '', '2', '2020-11-25 13:48:52', '5H191', '101.12.44.138');
INSERT INTO `admin` VALUES ('199', '02-86713100', '', '2', '2020-12-02 10:29:55', '6P1P1', '61.216.18.184');
INSERT INTO `admin` VALUES ('200', '86713100', '', '2', '2020-12-02 10:30:39', '6P1P1', '61.216.18.184');
INSERT INTO `admin` VALUES ('201', '3802910', '', '2', '2020-12-04 12:04:22', '6P671', '2402:7500:57b:a5ad:a95a:df02:f');
INSERT INTO `admin` VALUES ('202', '35012008', '', '2', '2020-12-11 14:09:38', '5AA11', '118.166.63.139');
INSERT INTO `admin` VALUES ('203', '0918-772670', '', '2', '2020-12-11 14:10:11', '5AA11', '42.73.238.26');

-- ----------------------------
-- Table structure for dept
-- ----------------------------
DROP TABLE IF EXISTS `dept`;
CREATE TABLE `dept` (
  `dept_id` varchar(6) CHARACTER SET utf8mb4 COLLATE utf8mb4_unicode_ci NOT NULL,
  `dept_name` varchar(30) DEFAULT '',
  `dept_type` char(1) DEFAULT NULL,
  `up_date` datetime DEFAULT NULL,
  PRIMARY KEY (`dept_id`)
) ENGINE=InnoDB DEFAULT CHARSET=utf8mb4;

-- ----------------------------
-- Records of dept
-- ----------------------------
INSERT INTO `dept` VALUES ('06P1', '桃園團戶', '3', null);
INSERT INTO `dept` VALUES ('06PA', '桃園團戶', '3', null);
INSERT INTO `dept` VALUES ('06PB', '北桃團戶-下午送', '3', null);
INSERT INTO `dept` VALUES ('06PC', '學童+區域', '3', null);
INSERT INTO `dept` VALUES ('06PD', '學童安親上午', '3', null);
INSERT INTO `dept` VALUES ('06PP', '桃園所', '3', null);
INSERT INTO `dept` VALUES ('8840', '中壢營業所', '4', null);

-- ----------------------------
-- Table structure for gcust
-- ----------------------------
DROP TABLE IF EXISTS `gcust`;
CREATE TABLE `gcust` (
  `marea_id` varchar(6) COLLATE utf8mb4_unicode_ci NOT NULL DEFAULT '' COMMENT '團戶代號+dpme0201',
  `gcust_names` varchar(8) COLLATE utf8mb4_unicode_ci DEFAULT NULL COMMENT '簡稱+DPME0207',
  `sales_id` varchar(8) COLLATE utf8mb4_unicode_ci DEFAULT NULL COMMENT '業務員代號dpme0218',
  `sales_id0` varchar(8) COLLATE utf8mb4_unicode_ci DEFAULT NULL COMMENT '業務代號2dpme0223',
  `sales_id_rcv` varchar(8) COLLATE utf8mb4_unicode_ci DEFAULT NULL COMMENT '收款員代號dpme0219',
  PRIMARY KEY (`marea_id`),
  KEY `sales_id` (`sales_id`) USING BTREE,
  KEY `sales_id0` (`sales_id0`) USING BTREE,
  KEY `sales_id_rcv` (`sales_id_rcv`) USING BTREE,
  KEY `gcust_names` (`gcust_names`) USING BTREE
) ENGINE=MyISAM DEFAULT CHARSET=utf8mb4 COLLATE=utf8mb4_unicode_ci COMMENT='團戶資料表';

-- ----------------------------
-- Records of gcust
-- ----------------------------
INSERT INTO `gcust` VALUES ('5A061', '向日葵', 'A00020', '', 'A00020');
INSERT INTO `gcust` VALUES ('5A081', '育巢', 'A00373', '', '650712');
INSERT INTO `gcust` VALUES ('5A101', '群英', 'A00020', '', 'A00020');
INSERT INTO `gcust` VALUES ('5A121', '翰林', 'PA0105', '', 'PA0105');
INSERT INTO `gcust` VALUES ('5A151', '又福', 'A00020', '', 'A00020');
INSERT INTO `gcust` VALUES ('5A161', '文強安', 'A00000', '', '650712');
INSERT INTO `gcust` VALUES ('5A231', '鹿建', 'A00020', '', 'A00020');
INSERT INTO `gcust` VALUES ('5A261', '小甜甜', 'A00020', '', 'A00020');
INSERT INTO `gcust` VALUES ('5A301', '佳陞', 'A00020', '', 'A00020');
INSERT INTO `gcust` VALUES ('5A351', '金儒', 'PA0105', '', 'PA0105');
INSERT INTO `gcust` VALUES ('5A4K1', '溫德爾', 'A00002', '', 'A00002');
INSERT INTO `gcust` VALUES ('5A361', '昂里', 'PA0105', '', 'PA0105');
INSERT INTO `gcust` VALUES ('5A401', '百虹', 'PA0105', '', 'PA0105');
INSERT INTO `gcust` VALUES ('5A491', '吉埔', 'A00002', '', 'A00002');
INSERT INTO `gcust` VALUES ('5A521', '愛迪生', 'A00020', '', 'A00020');
INSERT INTO `gcust` VALUES ('5A541', '樂獅', 'A00002', '', 'A00002');
INSERT INTO `gcust` VALUES ('5A581', '小森', 'A00002', '', 'A00002');
INSERT INTO `gcust` VALUES ('5AB51', '朝莊', 'A00002', '', 'A00002');
INSERT INTO `gcust` VALUES ('5A621', '八德', 'A00002', '', 'A00002');
INSERT INTO `gcust` VALUES ('6P231', '華人', '6PP403', '', '6PP403');
INSERT INTO `gcust` VALUES ('5A901', '崇文', 'A00020', '', 'A00020');
INSERT INTO `gcust` VALUES ('5A981', '喬智', 'A00020', '', 'A00020');
INSERT INTO `gcust` VALUES ('5A991', '學林', 'A00020', '', 'A00020');
INSERT INTO `gcust` VALUES ('5AA31', '吉建', 'A00020', '', 'A00020');
INSERT INTO `gcust` VALUES ('5AA41', '建德', 'A00020', '', 'A00020');
INSERT INTO `gcust` VALUES ('5AC11', '吉春', 'A00020', '', 'A00020');
INSERT INTO `gcust` VALUES ('5AC21', '吉復', 'A00020', '', 'A00020');
INSERT INTO `gcust` VALUES ('5AC41', '吉業', 'A00020', '', 'A00020');
INSERT INTO `gcust` VALUES ('5AD21', '吉德安', 'A00020', '', 'A00020');
INSERT INTO `gcust` VALUES ('5AE41', '加安', 'A00020', '', 'A00020');
INSERT INTO `gcust` VALUES ('5AE71', '鹿德', 'A00020', '', 'A00020');
INSERT INTO `gcust` VALUES ('5AF51', '鹿中', 'A00020', '', 'A00020');
INSERT INTO `gcust` VALUES ('6PX51', '大福', 'A00020', '', 'A00020');
INSERT INTO `gcust` VALUES ('5AG41', '華安', '6PP403', '', '6PP403');
INSERT INTO `gcust` VALUES ('5AH91', '大韋', 'A00002', '', 'A00002');
INSERT INTO `gcust` VALUES ('5AJ61', '恬恬', '6PP403', '', '6PP403');
INSERT INTO `gcust` VALUES ('5AK11', '育佳', 'A00002', '', 'A00002');
INSERT INTO `gcust` VALUES ('5AK71', '培利', 'PA0105', '', 'PA0105');
INSERT INTO `gcust` VALUES ('5AL11', '1加', 'PA0105', '', 'PA0105');
INSERT INTO `gcust` VALUES ('6P2B1', '德育', 'A00020', '', 'A00020');
INSERT INTO `gcust` VALUES ('5AAT1', '永學', 'A00002', '', 'A00002');
INSERT INTO `gcust` VALUES ('5AL41', '三之三林', 'PA0105', '', 'PA0105');
INSERT INTO `gcust` VALUES ('5AL61', '博士颱不', 'PA0105', '', 'PA0105');
INSERT INTO `gcust` VALUES ('5AM11', '新基礎', 'PA0105', '', 'PA0105');
INSERT INTO `gcust` VALUES ('5AN11', '耕讀園', 'A00020', '', 'A00020');
INSERT INTO `gcust` VALUES ('5AN41', '喬智冰', 'A00020', '', 'A00020');
INSERT INTO `gcust` VALUES ('5AO81', '朝北', 'A00002', '', 'A00002');
INSERT INTO `gcust` VALUES ('5H171', '台達一廠', 'A00262', 'A00262', 'ST0001');
INSERT INTO `gcust` VALUES ('5H181', '維鵬', 'A00262', 'A00262', 'ST0001');
INSERT INTO `gcust` VALUES ('6P051', '山雅', 'A00002', '', 'A00002');
INSERT INTO `gcust` VALUES ('6P071', '愈健', 'A00373', '', 'A00373');
INSERT INTO `gcust` VALUES ('6P081', '甜蘋果', 'A00373', '', '650712');
INSERT INTO `gcust` VALUES ('6P131', '福安國小', 'A00373', '', '650712');
INSERT INTO `gcust` VALUES ('6P181', '茄苳附幼', 'A00373', '', '650712');
INSERT INTO `gcust` VALUES ('6P191', '欣興', 'A00002', '', 'A00002');
INSERT INTO `gcust` VALUES ('6P621', '加貝', 'A00020', '', 'A00020');
INSERT INTO `gcust` VALUES ('6P611', '喬幼', 'A00002', '', 'A00002');
INSERT INTO `gcust` VALUES ('6P221', '慧兒園', 'PA0105', '', 'PA0105');
INSERT INTO `gcust` VALUES ('6P261', '斑比龜', 'A00002', '', 'A00002');
INSERT INTO `gcust` VALUES ('6P271', '怡心', 'A00002', '', 'A00002');
INSERT INTO `gcust` VALUES ('6P311', '民族', '6PP403', '', '6PP403');
INSERT INTO `gcust` VALUES ('6P361', '桃人', '6PP403', '', '6PP403');
INSERT INTO `gcust` VALUES ('6PW81', '森薇爾', '039811', '', '039811');
INSERT INTO `gcust` VALUES ('5AC31', '翰樺', 'A00020', '', 'A00020');
INSERT INTO `gcust` VALUES ('6P401', '小森林', 'A00002', '', 'A00002');
INSERT INTO `gcust` VALUES ('6P471', '宏修', 'A00020', '', 'A00020');
INSERT INTO `gcust` VALUES ('6P481', '安德笙', 'B00025', '', 'B00025');
INSERT INTO `gcust` VALUES ('6P501', '恆育', 'A00020', '', 'A00020');
INSERT INTO `gcust` VALUES ('6P521', '托福', 'A00002', '', 'A00002');
INSERT INTO `gcust` VALUES ('6P551', '啟育', 'A00020', '', 'A00020');
INSERT INTO `gcust` VALUES ('6P561', '愛迪生', 'A00020', '', 'A00020');
INSERT INTO `gcust` VALUES ('6P571', '二橋', 'A00001', '', 'A00001');
INSERT INTO `gcust` VALUES ('6P581', '小牛津', 'A00000', '', '650712');
INSERT INTO `gcust` VALUES ('6P591', '宏鶯', 'A00020', '', 'A00020');
INSERT INTO `gcust` VALUES ('6P681', '金向', 'A00002', '', 'A00002');
INSERT INTO `gcust` VALUES ('6P691', '偉恩', 'A00002', '', 'A00002');
INSERT INTO `gcust` VALUES ('6P701', '童安', '6PP403', '', '6PP403');
INSERT INTO `gcust` VALUES ('6P761', '文化', 'A00002', '', 'A00002');
INSERT INTO `gcust` VALUES ('6P791', '東東', 'A00002', '', 'A00002');
INSERT INTO `gcust` VALUES ('6P811', '吉鶯', 'A00002', '', 'A00002');
INSERT INTO `gcust` VALUES ('5AZ41', '林口安', 'PA0105', '', 'PA0105');
INSERT INTO `gcust` VALUES ('6P931', '吉茂', 'A00002', '', 'A00002');
INSERT INTO `gcust` VALUES ('6P981', '璦俐兒幼', 'A00020', '', 'A00020');
INSERT INTO `gcust` VALUES ('5A2R1', '文鼎', 'A00002', '', 'A00002');
INSERT INTO `gcust` VALUES ('6PB81', '快樂營', 'A00002', '', 'A00002');
INSERT INTO `gcust` VALUES ('6PC41', '嘉育', 'B00025', '', 'B00025');
INSERT INTO `gcust` VALUES ('6PC81', '三朝', 'A00020', '', 'A00020');
INSERT INTO `gcust` VALUES ('6PE51', '立人', 'A00002', '', 'A00002');
INSERT INTO `gcust` VALUES ('6PF21', '大安', 'A00002', '', 'A00002');
INSERT INTO `gcust` VALUES ('6PF61', '百銘', 'A00002', '', 'A00002');
INSERT INTO `gcust` VALUES ('6PF71', '長榮', 'A00000', '', 'A00000');
INSERT INTO `gcust` VALUES ('6PF81', '長榮(修)', 'A00000', '', 'A00000');
INSERT INTO `gcust` VALUES ('6PF91', '長迪', 'A00020', '', 'A00020');
INSERT INTO `gcust` VALUES ('5A881', '明聖', 'A00002', '', 'A00002');
INSERT INTO `gcust` VALUES ('5AA81', '桃園安', 'A00020', '', 'A00020');
INSERT INTO `gcust` VALUES ('5AU71', '利百加', 'A00020', '', 'A00020');
INSERT INTO `gcust` VALUES ('6PW41', '愛林', 'PA0105', '', 'PA0105');
INSERT INTO `gcust` VALUES ('6PG21', '力霸', 'A00002', '', 'A00002');
INSERT INTO `gcust` VALUES ('6PX21', '三吉', 'A00020', '', 'A00020');
INSERT INTO `gcust` VALUES ('6PG41', '建國QQ龍', 'A00002', '', 'A00002');
INSERT INTO `gcust` VALUES ('6PG51', '中路', 'A00002', '', 'A00002');
INSERT INTO `gcust` VALUES ('6PG71', '龍祥', 'A00002', '', 'A00002');
INSERT INTO `gcust` VALUES ('6PG91', '信華3-3', 'A00002', '', 'A00002');
INSERT INTO `gcust` VALUES ('6PH11', '大業', 'A00002', '', 'A00002');
INSERT INTO `gcust` VALUES ('6PQ21', '斑比高', 'A00002', '', 'A00002');
INSERT INTO `gcust` VALUES ('6PH51', '貝比家', 'A00209', '', 'B00025');
INSERT INTO `gcust` VALUES ('6PI61', '春天', 'A00002', '', 'A00002');
INSERT INTO `gcust` VALUES ('6PI81', '國際', 'A00002', '', 'A00002');
INSERT INTO `gcust` VALUES ('6PI91', '小東東', 'B00025', '', 'B00025');
INSERT INTO `gcust` VALUES ('6PK41', '千愛', 'PA0105', '', 'PA0105');
INSERT INTO `gcust` VALUES ('6PJ51', '愛麗', 'A00002', '', 'A00002');
INSERT INTO `gcust` VALUES ('6PJ61', '長迪', 'B00025', '', 'B00025');
INSERT INTO `gcust` VALUES ('6PK51', '東北', 'A00020', '', 'A00020');
INSERT INTO `gcust` VALUES ('6PK61', '北托', 'A30038', '', 'A30038');
INSERT INTO `gcust` VALUES ('6PK71', '甜保', 'A00002', '', 'A00002');
INSERT INTO `gcust` VALUES ('6PL61', '南榮', 'A00002', '', 'A00002');
INSERT INTO `gcust` VALUES ('5A2F1', '三民', 'A30038', '', 'A30038');
INSERT INTO `gcust` VALUES ('6PN91', '巴黎', 'A00002', '', 'A00002');
INSERT INTO `gcust` VALUES ('6PX41', '芝麻街', 'PA0105', '', 'PA0105');
INSERT INTO `gcust` VALUES ('6PL71', '桃子腳', 'A00001', '', 'A00001');
INSERT INTO `gcust` VALUES ('5A2V1', '喬業', 'A00002', '', 'A00002');
INSERT INTO `gcust` VALUES ('5AAQ1', '名智安', '03S048', '', '03S048');
INSERT INTO `gcust` VALUES ('5A2D1', '僑城', 'A00020', '', 'A00020');
INSERT INTO `gcust` VALUES ('5A3A1', '格蘭八德', 'A00000', '', '650712');
INSERT INTO `gcust` VALUES ('6P1S1', '美兒', 'A00002', '', 'A00002');
INSERT INTO `gcust` VALUES ('6PL81', '八德', 'A00002', '', 'A00002');
INSERT INTO `gcust` VALUES ('6PM11', '及仁', 'A00020', '', 'A00020');
INSERT INTO `gcust` VALUES ('6PM21', '狄斯耐', 'A00002', '', 'A00002');
INSERT INTO `gcust` VALUES ('6PM31', '上竹', 'A00002', '', 'A00002');
INSERT INTO `gcust` VALUES ('6PM41', '毓晨', 'A00002', '', 'A00002');
INSERT INTO `gcust` VALUES ('6PM71', '愛佳', 'A00002', '', 'A00002');
INSERT INTO `gcust` VALUES ('6PM81', '中園', 'B00025', '', 'B00025');
INSERT INTO `gcust` VALUES ('5AG11', '慧安', 'PA0105', '', 'PA0105');
INSERT INTO `gcust` VALUES ('6PN31', '領袖', 'A00262', '', 'A00262');
INSERT INTO `gcust` VALUES ('6PN41', '博士', 'A00002', '', 'A00002');
INSERT INTO `gcust` VALUES ('6PN71', '瑪莉亞', 'A00020', '', 'A00020');
INSERT INTO `gcust` VALUES ('6PP41', '外社', 'A00002', '', 'A00002');
INSERT INTO `gcust` VALUES ('6PP71', '福林', 'PA0105', '', 'PA0105');
INSERT INTO `gcust` VALUES ('5A2Q1', '吉同', 'A00020', '', 'A00020');
INSERT INTO `gcust` VALUES ('6PP81', '林口', 'PA0105', '', 'PA0105');
INSERT INTO `gcust` VALUES ('6PQ11', '微笑', 'PA0105', '', 'PA0105');
INSERT INTO `gcust` VALUES ('6PQ31', '林小附幼', 'A00262', '', 'A00262');
INSERT INTO `gcust` VALUES ('6PQ41', '永吉', 'A00001', '', 'A00001');
INSERT INTO `gcust` VALUES ('6PQ61', '華邇街', 'PA0105', '', 'PA0105');
INSERT INTO `gcust` VALUES ('5A681', '得人', 'A00002', '', 'A00002');
INSERT INTO `gcust` VALUES ('5A691', '夏恩忠勇', 'A00373', '', '650712');
INSERT INTO `gcust` VALUES ('5AQ71', '朝慈', 'A00002', '', 'A00002');
INSERT INTO `gcust` VALUES ('6PQ71', '龍安國小', 'A00002', '', 'A00002');
INSERT INTO `gcust` VALUES ('6PQ81', '愛彌兒', 'PA0105', '', 'PA0105');
INSERT INTO `gcust` VALUES ('6P921', '田喬', 'A00020', '', 'A00020');
INSERT INTO `gcust` VALUES ('6PR51', '吉龜', 'PA0105', '', 'PA0105');
INSERT INTO `gcust` VALUES ('6PR41', '吉林', 'PA0105', '', 'PA0105');
INSERT INTO `gcust` VALUES ('5A671', '喬幼安', 'A00002', '', 'A00002');
INSERT INTO `gcust` VALUES ('6PR21', '歡樂', 'A00002', '', 'A00002');
INSERT INTO `gcust` VALUES ('6PR71', '翔祥', 'PA0105', '', 'PA0105');
INSERT INTO `gcust` VALUES ('6PS21', '怡心安', 'A00002', '', 'A00002');
INSERT INTO `gcust` VALUES ('5A441', '吉埔二', 'A00002', '', 'A00002');
INSERT INTO `gcust` VALUES ('5AQ91', '文化', 'A00002', '', 'A00002');
INSERT INTO `gcust` VALUES ('6PV41', '龍埔', 'A00001', '', 'A00001');
INSERT INTO `gcust` VALUES ('5AQ41', '國家', '6PP403', '', '6PP403');
INSERT INTO `gcust` VALUES ('5A701', '文華', 'A00002', '', 'A00002');
INSERT INTO `gcust` VALUES ('5AS61', '必勝', '6PP403', '', '6PP403');
INSERT INTO `gcust` VALUES ('5AS31', '喬有', 'A00002', '', 'A00002');
INSERT INTO `gcust` VALUES ('6PS91', '永佳', 'PA0105', '', 'PA0105');
INSERT INTO `gcust` VALUES ('6P511', '漢洋', 'A00002', '', 'A00002');
INSERT INTO `gcust` VALUES ('6PS61', '童年', '6PP403', '', '6PP403');
INSERT INTO `gcust` VALUES ('5AS21', '朝有', 'A00002', '', 'A00002');
INSERT INTO `gcust` VALUES ('5AT11', '鹿文', '6PP403', '', '6PP403');
INSERT INTO `gcust` VALUES ('6PT21', '上禾', 'A00002', '', 'A00002');
INSERT INTO `gcust` VALUES ('6PT61', '優比', 'A00002', '', 'A00002');
INSERT INTO `gcust` VALUES ('6PT71', '童話村', 'A00020', '', 'A00020');
INSERT INTO `gcust` VALUES ('6PT81', '立暘', '039811', '', '039811');
INSERT INTO `gcust` VALUES ('5AT61', '佳和', 'A00020', '', 'A00020');
INSERT INTO `gcust` VALUES ('5AT21', '瑪利安', '6PP403', '', '6PP403');
INSERT INTO `gcust` VALUES ('6PU11', '熊寶堡', '6PP403', '', '6PP403');
INSERT INTO `gcust` VALUES ('5AA11', '格蘭北大', 'A00000', '', '650712');
INSERT INTO `gcust` VALUES ('5AU11', '鴻儒', 'A00020', '', 'A00020');
INSERT INTO `gcust` VALUES ('5AU21', '學誠', 'A00020', '', 'A00020');
INSERT INTO `gcust` VALUES ('6PU21', '育蕊', 'A00002', '', 'A00002');
INSERT INTO `gcust` VALUES ('6P1D1', '雅比思', '6PP403', '', '6PP403');
INSERT INTO `gcust` VALUES ('5AU91', '崙茄', 'A00020', '', 'A00020');
INSERT INTO `gcust` VALUES ('5AV11', '崙晟龍山', 'A00020', '', 'A00020');
INSERT INTO `gcust` VALUES ('5AV41', '鹿西', 'A00020', '', 'A00020');
INSERT INTO `gcust` VALUES ('5AAL1', '辰果', 'A00002', '', 'A00002');
INSERT INTO `gcust` VALUES ('6PU51', '佳和', 'A00020', '', 'A00020');
INSERT INTO `gcust` VALUES ('5AZ61', '親欣', 'A00020', '', 'A00020');
INSERT INTO `gcust` VALUES ('6PC71', '德蘭', 'A00020', '', 'A00020');
INSERT INTO `gcust` VALUES ('6PU71', '喬立', 'PA0105', '', 'PA0105');
INSERT INTO `gcust` VALUES ('6PU81', '慈心', 'PA0105', '', 'PA0105');
INSERT INTO `gcust` VALUES ('5AZ51', '冠軒', 'A00002', '', 'A00002');
INSERT INTO `gcust` VALUES ('5AP61', '國際格林', 'A00002', '', 'A00002');
INSERT INTO `gcust` VALUES ('5AZ91', '尚譽', 'A00002', '', 'A00002');
INSERT INTO `gcust` VALUES ('6PV21', '冠樺', 'A00002', '', 'A00002');
INSERT INTO `gcust` VALUES ('6PV81', '迦美', 'A00002', '', 'A00002');
INSERT INTO `gcust` VALUES ('5AV81', '長迪安', 'A00020', '', 'A00020');
INSERT INTO `gcust` VALUES ('6PV61', '心世紀', 'A00002', '', 'A00002');
INSERT INTO `gcust` VALUES ('6P671', '文和', 'A00020', '', 'A00020');
INSERT INTO `gcust` VALUES ('5AB11', '托福安', 'A00002', '', 'A00002');
INSERT INTO `gcust` VALUES ('5A941', '良門安', 'PA0105', '', 'PA0105');
INSERT INTO `gcust` VALUES ('5A811', '芙西爾', 'A00020', '', 'A00020');
INSERT INTO `gcust` VALUES ('6P141', '后厝國', 'A00002', '', 'A00002');
INSERT INTO `gcust` VALUES ('6P5A1', '頂社', 'A00020', '', 'A00020');
INSERT INTO `gcust` VALUES ('5A851', '三之特2', 'A00002', '', 'A00002');
INSERT INTO `gcust` VALUES ('6P6A1', '南興', 'A00025', '', 'A00262');
INSERT INTO `gcust` VALUES ('5AAR1', '數1數2', '6PP403', '', '6PP403');
INSERT INTO `gcust` VALUES ('6PT41', '瑪利', '6PP403', '', '6PP403');
INSERT INTO `gcust` VALUES ('5AAE1', '卞學堂', 'A00000', '', '650712');
INSERT INTO `gcust` VALUES ('6PW11', '何嘉仁', '03S048', '', '03S048');
INSERT INTO `gcust` VALUES ('6PA31', '文強', 'A00020', '', 'A00020');
INSERT INTO `gcust` VALUES ('6PW61', '愛城堡', 'PA0105', '', 'PA0105');
INSERT INTO `gcust` VALUES ('6P631', '朝揚', 'A00002', '', 'A00002');
INSERT INTO `gcust` VALUES ('5A3F1', '吉堡頭湖', 'PA0105', '', 'PA0105');
INSERT INTO `gcust` VALUES ('6PX61', '正福', '6PP403', '', '6PP403');
INSERT INTO `gcust` VALUES ('5A2M1', '冠智', '6PP403', '', '6PP403');
INSERT INTO `gcust` VALUES ('5AW51', '上禾安', 'A00002', '', 'A00002');
INSERT INTO `gcust` VALUES ('6P7C1', '北門白兔', 'A00002', '', 'A00002');
INSERT INTO `gcust` VALUES ('6P7D1', '優德', 'A00002', '', 'A00002');
INSERT INTO `gcust` VALUES ('5A2P1', '孔夫子', 'A00000', '', '650712');
INSERT INTO `gcust` VALUES ('6P1F1', '新發現', 'A00002', '', 'A00002');
INSERT INTO `gcust` VALUES ('6P2C1', '樂兒', 'A00002', '', 'A00002');
INSERT INTO `gcust` VALUES ('6P1K1', '欣妍', 'A00020', '', 'A00020');
INSERT INTO `gcust` VALUES ('6P1M1', '小木屋', 'PA0105', '', 'PA0105');
INSERT INTO `gcust` VALUES ('6P1P1', '聖母', 'A00020', '', 'A00020');
INSERT INTO `gcust` VALUES ('5A1G1', '育銘安', 'A00002', '', 'A00002');
INSERT INTO `gcust` VALUES ('6P2D1', '福興', 'A00002', '', 'A00002');
INSERT INTO `gcust` VALUES ('5A1H1', '群倫', 'PA0105', '', 'PA0105');
INSERT INTO `gcust` VALUES ('5AW61', '芝麻街', 'A00002', '', 'A00002');
INSERT INTO `gcust` VALUES ('5A1K1', '冠軍', 'A00000', '', '650712');
INSERT INTO `gcust` VALUES ('5A1P1', '御學堡', 'A00002', '', 'A00002');
INSERT INTO `gcust` VALUES ('5A1S1', '弋果三', 'A00002', '', 'A00002');
INSERT INTO `gcust` VALUES ('5AD81', '優尼可', 'A00020', '', 'A00020');
INSERT INTO `gcust` VALUES ('5A3X1', '常春藤莊敬', 'A00373', '', '650712');
INSERT INTO `gcust` VALUES ('6P1T1', '千雅', '039811', '', '039811');
INSERT INTO `gcust` VALUES ('5A2X1', '徐薇', 'PA0105', '', 'PA0105');
INSERT INTO `gcust` VALUES ('5A1W1', '福安', 'A00002', '', 'A00002');
INSERT INTO `gcust` VALUES ('5AR51', '小太陽', '6PP403', '', '6PP403');
INSERT INTO `gcust` VALUES ('5AM61', '鮑勇', 'A00020', '', 'A00020');
INSERT INTO `gcust` VALUES ('5A3B1', '常春藤', '6PP403', '', '6PP403');
INSERT INTO `gcust` VALUES ('5A2Y1', '佳音一', 'A00020', '', 'A00020');
INSERT INTO `gcust` VALUES ('5A3G1', '吉堡竹林', 'PA0105', '', 'PA0105');
INSERT INTO `gcust` VALUES ('5A3K1', '潘達', '6PP403', '', '6PP403');
INSERT INTO `gcust` VALUES ('5A3N1', '加合', 'A00002', '', 'A00002');
INSERT INTO `gcust` VALUES ('5A3V1', '愛美語北大', 'A00373', '', '650712');
INSERT INTO `gcust` VALUES ('6P4B1', '凱吉德', 'A00020', '', 'A00020');
INSERT INTO `gcust` VALUES ('6PF51', '聖欣', 'A00020', '', 'A00020');
INSERT INTO `gcust` VALUES ('5A2G1', '正福', '6PP403', '', '6PP403');
INSERT INTO `gcust` VALUES ('5A3E1', '三吉龍', 'A00020', '', 'A00020');
INSERT INTO `gcust` VALUES ('5A4E1', '吉西', 'A00020', '', 'A00020');
INSERT INTO `gcust` VALUES ('5A3R1', '吉堡美國', 'PA0105', '', 'PA0105');
INSERT INTO `gcust` VALUES ('5A3U1', '柏中', 'A00002', '', 'A00002');
INSERT INTO `gcust` VALUES ('5A3S1', '喬登北大', 'A00002', 'A00002', 'A00002');
INSERT INTO `gcust` VALUES ('6PH81', '育銘', 'A00002', '', 'A00002');
INSERT INTO `gcust` VALUES ('5A5M1', '夏恩', 'A00002', '', 'A00002');
INSERT INTO `gcust` VALUES ('5A5B1', '真善', 'A00002', '', 'A00002');
INSERT INTO `gcust` VALUES ('6PH21', '心兒園', 'A00002', '', 'A00002');
INSERT INTO `gcust` VALUES ('5A4M1', '吉順', 'A00020', '', 'A00020');
INSERT INTO `gcust` VALUES ('5A4J1', '王師', 'A00002', '', 'A00002');
INSERT INTO `gcust` VALUES ('6P3F1', '新路附幼', 'A00373', '', '650712');
INSERT INTO `gcust` VALUES ('5A4P1', '三之文', 'A00002', '', 'A00002');
INSERT INTO `gcust` VALUES ('6PN61', '豐田大郡', 'A00002', '', 'A00002');
INSERT INTO `gcust` VALUES ('6P2J1', '金祥', 'A00000', '', '650712');
INSERT INTO `gcust` VALUES ('6PN11', '萬美', 'PA0105', '', 'PA0105');
INSERT INTO `gcust` VALUES ('6P1V1', '虹橋', 'A00020', '', 'A00020');
INSERT INTO `gcust` VALUES ('5A4S1', '甜心', 'A00000', '', 'A00000');
INSERT INTO `gcust` VALUES ('5A4T1', '朝莊二', 'A00002', '', 'A00002');
INSERT INTO `gcust` VALUES ('6P2H1', '鹿文中埔', '6PP403', '', '6PP403');
INSERT INTO `gcust` VALUES ('5A4U1', '頂好安', 'A00002', '', 'A00002');
INSERT INTO `gcust` VALUES ('5A6G1', '巨擘', 'A30038', '', 'A30038');
INSERT INTO `gcust` VALUES ('6P3H1', '永順非營', 'A00002', '', 'A00002');
INSERT INTO `gcust` VALUES ('5A5J1', '柏倫西門', 'A00002', '', 'A00002');
INSERT INTO `gcust` VALUES ('5A5A1', '長頸鹿頭湖', 'A00002', '', 'A00002');
INSERT INTO `gcust` VALUES ('5A4Y1', '傑尼', 'A00373', '', '650712');
INSERT INTO `gcust` VALUES ('5A5P1', '格蘭大勇', 'A00002', '', 'A00002');
INSERT INTO `gcust` VALUES ('5A5L1', '名格', '03S048', '', '03S048');
INSERT INTO `gcust` VALUES ('5AB71', '森林語藝', 'A00002', 'A00002', 'A00002');
INSERT INTO `gcust` VALUES ('5A3Y1', '長頸鹿仁和', 'A00002', '', 'A00002');
INSERT INTO `gcust` VALUES ('6P6B1', '北門綿羊', 'A00002', '', 'A00002');
INSERT INTO `gcust` VALUES ('6P2K1', '育欣', 'A00002', '', 'A00002');
INSERT INTO `gcust` VALUES ('5A5H1', '長頸鹿大', 'A30038', '', 'A30038');
INSERT INTO `gcust` VALUES ('5A6C1', '三吉介壽', 'A00002', '', 'A00002');
INSERT INTO `gcust` VALUES ('5A6D1', '文鼎喬登', 'A00002', '', 'A00002');
INSERT INTO `gcust` VALUES ('6P2P1', '瑞豐', 'A00002', '', 'A00002');
INSERT INTO `gcust` VALUES ('6P3J1', '建國馬卡', 'A00002', '', 'A00002');
INSERT INTO `gcust` VALUES ('5A5N1', '親親', 'A00002', '', 'A00002');
INSERT INTO `gcust` VALUES ('6P2G1', '小甜甜安', 'A00020', '', 'A00020');
INSERT INTO `gcust` VALUES ('6P2M1', '漢翔', 'A00002', '', 'A00002');
INSERT INTO `gcust` VALUES ('5A5Q1', '朝成功一', 'A00002', '', 'A00002');
INSERT INTO `gcust` VALUES ('5A5R1', '朝成二', 'A00002', '', 'A00002');
INSERT INTO `gcust` VALUES ('5A5T1', '六合', 'A00002', '', 'A00002');
INSERT INTO `gcust` VALUES ('5H191', '全恩', 'A00020', '', 'A00020');
INSERT INTO `gcust` VALUES ('5A5V1', '立維', 'A00002', '', 'A00002');
INSERT INTO `gcust` VALUES ('6P1L1', '憶月', 'PA0105', '', 'PA0105');
INSERT INTO `gcust` VALUES ('6P3T1', '大有', 'A00002', '', 'A00002');
INSERT INTO `gcust` VALUES ('6P3G1', '經國', 'A00002', '', 'A00002');
INSERT INTO `gcust` VALUES ('6P2Q1', '巧倪', 'A30038', '', 'A30038');
INSERT INTO `gcust` VALUES ('5A6H1', '格蘭青溪', 'A30038', '', 'A30038');
INSERT INTO `gcust` VALUES ('5A6J1', '吉堡高職', 'A30038', '', 'A30038');
INSERT INTO `gcust` VALUES ('5A6K1', '嘉音', 'A30038', '', 'A30038');
INSERT INTO `gcust` VALUES ('6PH71', '長榮(警衛)', 'A00000', '', 'A00000');
INSERT INTO `gcust` VALUES ('5AP31', '樂學', 'A00002', '', 'A00002');
INSERT INTO `gcust` VALUES ('5A011', '佳八', 'A00000', '', '650712');
INSERT INTO `gcust` VALUES ('5AW81', '立人安', 'A00020', '', 'A00020');
INSERT INTO `gcust` VALUES ('6P151', '文欣', 'A00373', '', '650712');
INSERT INTO `gcust` VALUES ('5A6L1', '三吉桃子', 'A00020', '', 'A00020');
INSERT INTO `gcust` VALUES ('6PX91', '璦俐兒托', 'A00020', '', 'A00020');
INSERT INTO `gcust` VALUES ('6P4E1', '文華', 'A00002', '', 'A00002');
INSERT INTO `gcust` VALUES ('6P4F1', '新埔', 'A00002', '', 'A00002');
INSERT INTO `gcust` VALUES ('5A6M1', '子甫', 'A00002', '', 'A00002');
INSERT INTO `gcust` VALUES ('5AD11', '瀚學', 'A00000', '', '650712');
INSERT INTO `gcust` VALUES ('5A1J1', '朝同安', 'A00002', '', 'A00002');
INSERT INTO `gcust` VALUES ('6P011', '愛森堡', 'A00373', '', '650712');
INSERT INTO `gcust` VALUES ('5A052', '愛森堡安', 'A00373', '', '650712');
INSERT INTO `gcust` VALUES ('6PY11', '大埔', 'A00000', '', 'A00000');
INSERT INTO `gcust` VALUES ('6P021', '愛森堡辦', 'A00373', '', '650712');
INSERT INTO `gcust` VALUES ('5A8M1', '木樂地', 'A00002', '', 'A00002');
INSERT INTO `gcust` VALUES ('5A010', '泰瑞莎', 'A00000', '', '650712');
INSERT INTO `gcust` VALUES ('5AW71', '常春北大', 'A00002', '', 'A00002');
INSERT INTO `gcust` VALUES ('6PY21', '立群', 'A00002', '', 'A00002');
INSERT INTO `gcust` VALUES ('6P1H1', '南門附幼', 'A00002', '', 'A00002');
INSERT INTO `gcust` VALUES ('6P161', '百吉國小', 'A00373', '', '650712');

-- ----------------------------
-- Table structure for gcust_cls
-- ----------------------------
DROP TABLE IF EXISTS `gcust_cls`;
CREATE TABLE `gcust_cls` (
  `marea_id` varchar(6) COLLATE utf8mb4_unicode_ci NOT NULL COMMENT '????',
  `cls_id` varchar(4) COLLATE utf8mb4_unicode_ci NOT NULL COMMENT '????',
  `cls_name` varchar(30) COLLATE utf8mb4_unicode_ci DEFAULT NULL COMMENT '????',
  `cls_per` int(2) DEFAULT 0 COMMENT '班級人數',
  PRIMARY KEY (`marea_id`,`cls_id`)
) ENGINE=MyISAM DEFAULT CHARSET=utf8mb4 COLLATE=utf8mb4_unicode_ci COMMENT='團戶班級代號';

-- ----------------------------
-- Records of gcust_cls
-- ----------------------------
INSERT INTO `gcust_cls` VALUES ('5A1W1', '1', 'E1A', '0');
INSERT INTO `gcust_cls` VALUES ('5A1W1', '1-1', 'E1A1', '0');
INSERT INTO `gcust_cls` VALUES ('5A1W1', '10', 'M5A', '0');
INSERT INTO `gcust_cls` VALUES ('5A1W1', '10-1', 'E5B1', '0');
INSERT INTO `gcust_cls` VALUES ('5A1W1', '11', 'M1A', '0');
INSERT INTO `gcust_cls` VALUES ('5A1W1', '11-1', 'NINA', '0');
INSERT INTO `gcust_cls` VALUES ('5A1W1', '12', 'M2A', '0');
INSERT INTO `gcust_cls` VALUES ('5A1W1', '12-1', 'K2A補', '0');
INSERT INTO `gcust_cls` VALUES ('5A1W1', '13', '辦公室', '0');
INSERT INTO `gcust_cls` VALUES ('5A1W1', '14', 'E4A', '0');
INSERT INTO `gcust_cls` VALUES ('5A1W1', '14-1', 'P2A', '0');
INSERT INTO `gcust_cls` VALUES ('5A1W1', '15', 'E6A', '0');
INSERT INTO `gcust_cls` VALUES ('5A1W1', '15-1', 'M3A', '0');
INSERT INTO `gcust_cls` VALUES ('5A1W1', '16', 'E6B', '0');
INSERT INTO `gcust_cls` VALUES ('5A1W1', '16-1', 'P6A', '0');
INSERT INTO `gcust_cls` VALUES ('5A1W1', '2', 'E2A', '0');
INSERT INTO `gcust_cls` VALUES ('5A1W1', '2-1', 'E2A1', '0');
INSERT INTO `gcust_cls` VALUES ('5A1W1', '3', 'E3A', '0');
INSERT INTO `gcust_cls` VALUES ('5A1W1', '3-1', 'E3A1', '0');
INSERT INTO `gcust_cls` VALUES ('5A1W1', '4', 'K2Faby', '0');
INSERT INTO `gcust_cls` VALUES ('5A1W1', '5', 'E5A', '0');
INSERT INTO `gcust_cls` VALUES ('5A1W1', '5-1', 'E5A1', '0');
INSERT INTO `gcust_cls` VALUES ('5A1W1', '6', 'P1A', '0');
INSERT INTO `gcust_cls` VALUES ('5A1W1', '6-1', 'E1B1', '0');
INSERT INTO `gcust_cls` VALUES ('5A1W1', '7', 'E2B', '0');
INSERT INTO `gcust_cls` VALUES ('5A1W1', '7-1', 'E2B1', '0');
INSERT INTO `gcust_cls` VALUES ('5A1W1', '8', 'E3B', '0');
INSERT INTO `gcust_cls` VALUES ('5A1W1', '8-1', 'E3B1', '0');
INSERT INTO `gcust_cls` VALUES ('5A1W1', '9', 'E4B', '0');
INSERT INTO `gcust_cls` VALUES ('5A1W1', '9-1', 'E4B1', '0');
INSERT INTO `gcust_cls` VALUES ('5A2G1', '1', 'S3A', '0');
INSERT INTO `gcust_cls` VALUES ('5A2G1', '2', 'P1A', '0');
INSERT INTO `gcust_cls` VALUES ('5A2G1', '3', 'P2A', '0');
INSERT INTO `gcust_cls` VALUES ('5A2G1', '4', 'P2C', '0');
INSERT INTO `gcust_cls` VALUES ('5AE41', '101', '一', '0');
INSERT INTO `gcust_cls` VALUES ('5AE41', '102', '二', '0');
INSERT INTO `gcust_cls` VALUES ('5AE41', '103', '三', '0');
INSERT INTO `gcust_cls` VALUES ('5AE41', '104', '辦公', '0');
INSERT INTO `gcust_cls` VALUES ('5AE41', '105', '四', '0');
INSERT INTO `gcust_cls` VALUES ('5AE41', '106', 'ㄧ年B', '0');
INSERT INTO `gcust_cls` VALUES ('5AE41', '107', '補瓶', '0');
INSERT INTO `gcust_cls` VALUES ('5AE41', '108', '五', '0');
INSERT INTO `gcust_cls` VALUES ('5AE41', '109', '大象', '0');
INSERT INTO `gcust_cls` VALUES ('5AE41', '110', '正音A', '0');
INSERT INTO `gcust_cls` VALUES ('5AE41', '111', '正音B', '0');
INSERT INTO `gcust_cls` VALUES ('5AE41', '112', '正音二', '0');
INSERT INTO `gcust_cls` VALUES ('5AE41', '113', '正音三', '0');
INSERT INTO `gcust_cls` VALUES ('5AE41', '114', '浣熊', '0');
INSERT INTO `gcust_cls` VALUES ('5AE41', '115', '羚羊', '0');
INSERT INTO `gcust_cls` VALUES ('5AE41', '116', '正音四', '0');
INSERT INTO `gcust_cls` VALUES ('5AE41', '117', '正音五', '0');
INSERT INTO `gcust_cls` VALUES ('5AE41', '118', '鯨魚', '0');
INSERT INTO `gcust_cls` VALUES ('5AG41', '101', '安親', '0');
INSERT INTO `gcust_cls` VALUES ('5AG41', '102', '先修', '0');
INSERT INTO `gcust_cls` VALUES ('5AK11', '101', '一', '0');
INSERT INTO `gcust_cls` VALUES ('5AK11', '102', '二', '0');
INSERT INTO `gcust_cls` VALUES ('5AK11', '103', '三', '0');
INSERT INTO `gcust_cls` VALUES ('5AK11', '104', '補瓶', '0');
INSERT INTO `gcust_cls` VALUES ('5AP61', '101', '檸檬班', '0');
INSERT INTO `gcust_cls` VALUES ('6P051', '101', '鯨魚', '0');
INSERT INTO `gcust_cls` VALUES ('6P051', '102', '兔', '0');
INSERT INTO `gcust_cls` VALUES ('6P141', '101', '一年甲', '0');
INSERT INTO `gcust_cls` VALUES ('6P141', '102', '贈瓶', '0');
INSERT INTO `gcust_cls` VALUES ('6P141', '201', '二年甲', '0');
INSERT INTO `gcust_cls` VALUES ('6P141', '301', '三年甲', '0');
INSERT INTO `gcust_cls` VALUES ('6P141', '401', '四年甲', '0');
INSERT INTO `gcust_cls` VALUES ('6P141', '501', '五年甲', '0');
INSERT INTO `gcust_cls` VALUES ('6P141', '502', '五年乙', '0');
INSERT INTO `gcust_cls` VALUES ('6P141', '601', '六年甲', '0');
INSERT INTO `gcust_cls` VALUES ('6P141', '603', '警衛室', '0');
INSERT INTO `gcust_cls` VALUES ('6P191', '101', '大象', '0');
INSERT INTO `gcust_cls` VALUES ('6P191', '102', '小熊', '0');
INSERT INTO `gcust_cls` VALUES ('6P191', '103', '白兔', '0');
INSERT INTO `gcust_cls` VALUES ('6P191', '104', '河馬', '0');
INSERT INTO `gcust_cls` VALUES ('6P191', '105', '綿羊', '0');
INSERT INTO `gcust_cls` VALUES ('6P191', '106', '蜜蜂', '0');
INSERT INTO `gcust_cls` VALUES ('6P191', '107', '辦公', '0');
INSERT INTO `gcust_cls` VALUES ('6P191', '108', 'BABY', '0');
INSERT INTO `gcust_cls` VALUES ('6P191', '109', '小鹿', '0');
INSERT INTO `gcust_cls` VALUES ('6P191', '110', '備瓶', '0');
INSERT INTO `gcust_cls` VALUES ('6P191', '111', '大象2', '0');
INSERT INTO `gcust_cls` VALUES ('6P191', '112', '506', '0');
INSERT INTO `gcust_cls` VALUES ('6P191', '113', '企鵝', '0');
INSERT INTO `gcust_cls` VALUES ('6P191', '114', '浣熊', '0');
INSERT INTO `gcust_cls` VALUES ('6P191', '115', '501', '0');
INSERT INTO `gcust_cls` VALUES ('6P191', '116', '507', '0');
INSERT INTO `gcust_cls` VALUES ('6P191', '117', '505', '0');
INSERT INTO `gcust_cls` VALUES ('6P191', '118', '508', '0');
INSERT INTO `gcust_cls` VALUES ('6P1K1', '1', '大班', '0');
INSERT INTO `gcust_cls` VALUES ('6P1K1', '2', '中一', '0');
INSERT INTO `gcust_cls` VALUES ('6P1K1', '3', '小班', '0');
INSERT INTO `gcust_cls` VALUES ('6P1K1', '4', '幼幼', '0');
INSERT INTO `gcust_cls` VALUES ('6P1K1', '5', '中二', '0');
INSERT INTO `gcust_cls` VALUES ('6P1K1', '6', '小幼班', '0');
INSERT INTO `gcust_cls` VALUES ('6P1S1', '1', '大一', '0');
INSERT INTO `gcust_cls` VALUES ('6P1S1', '2', '大二', '0');
INSERT INTO `gcust_cls` VALUES ('6P1S1', '3', '中一', '0');
INSERT INTO `gcust_cls` VALUES ('6P1S1', '4', '中二', '0');
INSERT INTO `gcust_cls` VALUES ('6P1S1', '5', '小一', '0');
INSERT INTO `gcust_cls` VALUES ('6P1S1', '6', '小二', '0');
INSERT INTO `gcust_cls` VALUES ('6P1S1', '7', '老師', '0');
INSERT INTO `gcust_cls` VALUES ('6P1S1', '8', '備瓶', '0');
INSERT INTO `gcust_cls` VALUES ('6P1T1', '1', '西瓜', '0');
INSERT INTO `gcust_cls` VALUES ('6P1T1', '2', '蘋果', '0');
INSERT INTO `gcust_cls` VALUES ('6P1T1', '3', '草莓', '0');
INSERT INTO `gcust_cls` VALUES ('6P1T1', '4', '葡萄', '0');
INSERT INTO `gcust_cls` VALUES ('6P1T1', '5', '備瓶', '0');
INSERT INTO `gcust_cls` VALUES ('6P1T1', '6', '星星', '0');
INSERT INTO `gcust_cls` VALUES ('6P231', '101U', '優', '0');
INSERT INTO `gcust_cls` VALUES ('6P231', '102', '安親', '0');
INSERT INTO `gcust_cls` VALUES ('6P231', '103', '辦公室', '0');
INSERT INTO `gcust_cls` VALUES ('6P231', '104', '先修', '0');
INSERT INTO `gcust_cls` VALUES ('6P231', '105', '暑期', '0');
INSERT INTO `gcust_cls` VALUES ('6P231', 'BH', 'BH', '0');
INSERT INTO `gcust_cls` VALUES ('6P231', 'JB', 'JB', '0');
INSERT INTO `gcust_cls` VALUES ('6P231', 'JG', 'JG', '0');
INSERT INTO `gcust_cls` VALUES ('6P231', 'JK', 'JK', '0');
INSERT INTO `gcust_cls` VALUES ('6P231', 'JP', 'JP', '0');
INSERT INTO `gcust_cls` VALUES ('6P231', 'PR', 'PR', '0');
INSERT INTO `gcust_cls` VALUES ('6P231', 'PS', 'PS', '0');
INSERT INTO `gcust_cls` VALUES ('6P231', 'SD', 'SD', '0');
INSERT INTO `gcust_cls` VALUES ('6P231', 'SE', 'SE', '0');
INSERT INTO `gcust_cls` VALUES ('6P231', 'SL', 'SL', '0');
INSERT INTO `gcust_cls` VALUES ('6P231', 'SW', 'SW', '0');
INSERT INTO `gcust_cls` VALUES ('6P2B1', '101', '向日葵', '0');
INSERT INTO `gcust_cls` VALUES ('6P2B1', '102', '鬱金香', '0');
INSERT INTO `gcust_cls` VALUES ('6P2B1', '103', '風信子', '0');
INSERT INTO `gcust_cls` VALUES ('6P2B1', '104', '芙蓉', '0');
INSERT INTO `gcust_cls` VALUES ('6P2B1', '105', '紫羅蘭', '0');
INSERT INTO `gcust_cls` VALUES ('6P2B1', '106', '薰衣草', '0');
INSERT INTO `gcust_cls` VALUES ('6P2B1', '107', '滿天星', '0');
INSERT INTO `gcust_cls` VALUES ('6P2B1', '108', '補瓶', '0');
INSERT INTO `gcust_cls` VALUES ('6P2B1', '109', '蒲公英', '0');
INSERT INTO `gcust_cls` VALUES ('6P2B1', '110', '百合', '0');
INSERT INTO `gcust_cls` VALUES ('6P2B1', '111', '正音黃', '0');
INSERT INTO `gcust_cls` VALUES ('6P2C1', '101', '星星', '0');
INSERT INTO `gcust_cls` VALUES ('6P2C1', '102', '月亮', '0');
INSERT INTO `gcust_cls` VALUES ('6P2C1', '103', '彩虹1', '0');
INSERT INTO `gcust_cls` VALUES ('6P2C1', '104', '彩虹2', '0');
INSERT INTO `gcust_cls` VALUES ('6P2C1', '105', '太陽1', '0');
INSERT INTO `gcust_cls` VALUES ('6P2C1', '106', '備瓶', '0');
INSERT INTO `gcust_cls` VALUES ('6P2C1', '107', '太陽2', '0');
INSERT INTO `gcust_cls` VALUES ('6P2D1', '1', 'N2A', '0');
INSERT INTO `gcust_cls` VALUES ('6P2D1', '1-1', 'N2A-', '0');
INSERT INTO `gcust_cls` VALUES ('6P2D1', '10', '教務處', '0');
INSERT INTO `gcust_cls` VALUES ('6P2D1', '10-1', 'K1A補', '0');
INSERT INTO `gcust_cls` VALUES ('6P2D1', '11', 'M1A', '0');
INSERT INTO `gcust_cls` VALUES ('6P2D1', '11-1', 'M1A-1', '0');
INSERT INTO `gcust_cls` VALUES ('6P2D1', '12', 'M2A', '0');
INSERT INTO `gcust_cls` VALUES ('6P2D1', '12-1', 'M2A-1', '0');
INSERT INTO `gcust_cls` VALUES ('6P2D1', '13-1', 'N1A', '0');
INSERT INTO `gcust_cls` VALUES ('6P2D1', '2', 'K1A', '0');
INSERT INTO `gcust_cls` VALUES ('6P2D1', '2-1', 'K1A-1', '0');
INSERT INTO `gcust_cls` VALUES ('6P2D1', '3', 'K2A', '0');
INSERT INTO `gcust_cls` VALUES ('6P2D1', '3-1', 'K2A-', '0');
INSERT INTO `gcust_cls` VALUES ('6P2D1', '3-2', 'K3B補', '0');
INSERT INTO `gcust_cls` VALUES ('6P2D1', '4', 'K2B', '0');
INSERT INTO `gcust_cls` VALUES ('6P2D1', '4-1', 'K2B-', '0');
INSERT INTO `gcust_cls` VALUES ('6P2D1', '5', 'K2C', '0');
INSERT INTO `gcust_cls` VALUES ('6P2D1', '5-1', 'K2C-', '0');
INSERT INTO `gcust_cls` VALUES ('6P2D1', '6', 'K3A', '0');
INSERT INTO `gcust_cls` VALUES ('6P2D1', '6-1', 'K3A-', '0');
INSERT INTO `gcust_cls` VALUES ('6P2D1', '7', 'K3B', '0');
INSERT INTO `gcust_cls` VALUES ('6P2D1', '7-1', 'K3B-', '0');
INSERT INTO `gcust_cls` VALUES ('6P2D1', '8', 'K3C', '0');
INSERT INTO `gcust_cls` VALUES ('6P2D1', '8-1', 'K3C-', '0');
INSERT INTO `gcust_cls` VALUES ('6P2D1', '9', '備瓶', '0');
INSERT INTO `gcust_cls` VALUES ('6P5A1', '101', '一甲', '0');
INSERT INTO `gcust_cls` VALUES ('6P5A1', '103', '贈', '0');
INSERT INTO `gcust_cls` VALUES ('6P5A1', '201', '二甲', '0');
INSERT INTO `gcust_cls` VALUES ('6P5A1', '301', '三甲', '0');
INSERT INTO `gcust_cls` VALUES ('6P5A1', '401', '四甲', '0');
INSERT INTO `gcust_cls` VALUES ('6P5A1', '501', '五甲', '0');
INSERT INTO `gcust_cls` VALUES ('6P5A1', '502', '五乙', '0');
INSERT INTO `gcust_cls` VALUES ('6P5A1', '601', '六甲', '0');
INSERT INTO `gcust_cls` VALUES ('6P611', '101', '大A', '0');
INSERT INTO `gcust_cls` VALUES ('6P611', '102', '大B', '0');
INSERT INTO `gcust_cls` VALUES ('6P611', '1022', '大B二', '0');
INSERT INTO `gcust_cls` VALUES ('6P611', '103', '大C', '0');
INSERT INTO `gcust_cls` VALUES ('6P611', '104', '大D', '0');
INSERT INTO `gcust_cls` VALUES ('6P611', '105', '中A', '0');
INSERT INTO `gcust_cls` VALUES ('6P611', '106', '中B', '0');
INSERT INTO `gcust_cls` VALUES ('6P611', '107', '中C', '0');
INSERT INTO `gcust_cls` VALUES ('6P611', '108', '中D', '0');
INSERT INTO `gcust_cls` VALUES ('6P611', '109', '小S', '0');
INSERT INTO `gcust_cls` VALUES ('6P611', '110', '老師', '0');
INSERT INTO `gcust_cls` VALUES ('6P611', '111', '小T', '0');
INSERT INTO `gcust_cls` VALUES ('6P611', '112', '小C', '0');
INSERT INTO `gcust_cls` VALUES ('6P611', '113', '大C一', '0');
INSERT INTO `gcust_cls` VALUES ('6P611', '114', '中C一', '0');
INSERT INTO `gcust_cls` VALUES ('6P611', '115', '小S一', '0');
INSERT INTO `gcust_cls` VALUES ('6P611', '116', '中A一', '0');
INSERT INTO `gcust_cls` VALUES ('6P611', '117', '小T一', '0');
INSERT INTO `gcust_cls` VALUES ('6P611', '118', '老師ㄧ', '0');
INSERT INTO `gcust_cls` VALUES ('6P611', '119', '大B一', '0');
INSERT INTO `gcust_cls` VALUES ('6P611', '120', '大A一', '0');
INSERT INTO `gcust_cls` VALUES ('6P611', '121', '大D一', '0');
INSERT INTO `gcust_cls` VALUES ('6P611', '122', '大C一', '0');
INSERT INTO `gcust_cls` VALUES ('6P611', '123', '備瓶', '0');
INSERT INTO `gcust_cls` VALUES ('6P611', '124', '中Bㄧ', '0');
INSERT INTO `gcust_cls` VALUES ('6P611', '125', '先修', '0');
INSERT INTO `gcust_cls` VALUES ('6P611', '126', '安親', '0');
INSERT INTO `gcust_cls` VALUES ('6P611', '127', '幼幼', '0');
INSERT INTO `gcust_cls` VALUES ('6P611', '128', '正音', '0');
INSERT INTO `gcust_cls` VALUES ('6P611', '129', '小C補', '0');
INSERT INTO `gcust_cls` VALUES ('6P611', '130', '小B', '0');
INSERT INTO `gcust_cls` VALUES ('6P611', '131', '小T/1', '0');
INSERT INTO `gcust_cls` VALUES ('6P611', '132', '先修一', '0');
INSERT INTO `gcust_cls` VALUES ('6P611', '133', '小B一', '0');
INSERT INTO `gcust_cls` VALUES ('6P621', '101', '巧虎', '0');
INSERT INTO `gcust_cls` VALUES ('6P621', '102', '鯨魚', '0');
INSERT INTO `gcust_cls` VALUES ('6P621', '103', '獅子', '0');
INSERT INTO `gcust_cls` VALUES ('6P621', '104', '海豚', '0');
INSERT INTO `gcust_cls` VALUES ('6P621', '105', '企鵝', '0');
INSERT INTO `gcust_cls` VALUES ('6P621', '106', '斑馬', '0');
INSERT INTO `gcust_cls` VALUES ('6P621', '107', '河馬', '0');
INSERT INTO `gcust_cls` VALUES ('6P621', '108', '大象', '0');
INSERT INTO `gcust_cls` VALUES ('6P621', '109', '海馬', '0');
INSERT INTO `gcust_cls` VALUES ('6P621', '110', '貓熊', '0');
INSERT INTO `gcust_cls` VALUES ('6P621', '111', '羚羊', '0');
INSERT INTO `gcust_cls` VALUES ('6P621', '112', '蝴蝶', '0');
INSERT INTO `gcust_cls` VALUES ('6P621', '113', '天鵝', '0');
INSERT INTO `gcust_cls` VALUES ('6P621', '114', '鴨鴨', '0');
INSERT INTO `gcust_cls` VALUES ('6P621', '115', '松鼠', '0');
INSERT INTO `gcust_cls` VALUES ('6P621', '116', '綿羊', '0');
INSERT INTO `gcust_cls` VALUES ('6P621', '117', '加安一', '0');
INSERT INTO `gcust_cls` VALUES ('6P621', '118', '加安二', '0');
INSERT INTO `gcust_cls` VALUES ('6P621', '119', '加安三', '0');
INSERT INTO `gcust_cls` VALUES ('6P621', '120', '加安u', '0');
INSERT INTO `gcust_cls` VALUES ('6P621', '121', '浣熊', '0');
INSERT INTO `gcust_cls` VALUES ('6P621', '122', '中海豚', '0');
INSERT INTO `gcust_cls` VALUES ('6P621', '123', '正音A', '0');
INSERT INTO `gcust_cls` VALUES ('6P621', '124', '蜜蜂B', '0');
INSERT INTO `gcust_cls` VALUES ('6P621', '125', '正音C', '0');
INSERT INTO `gcust_cls` VALUES ('6P621', '126', '熱帶魚', '0');
INSERT INTO `gcust_cls` VALUES ('6P621', '127', '加安四', '0');
INSERT INTO `gcust_cls` VALUES ('6P621', '128', '小綿羊', '0');
INSERT INTO `gcust_cls` VALUES ('6P621', '129', '正音B', '0');
INSERT INTO `gcust_cls` VALUES ('6P621', '130', '蜜蜂', '0');
INSERT INTO `gcust_cls` VALUES ('6P621', '131', '畢業生', '0');
INSERT INTO `gcust_cls` VALUES ('6P621', '132', '海豚二', '0');
INSERT INTO `gcust_cls` VALUES ('6P621', '133', '辦公室', '0');
INSERT INTO `gcust_cls` VALUES ('6P621', '134', '加安五', '0');
INSERT INTO `gcust_cls` VALUES ('6P621', '135', '海豚u', '0');
INSERT INTO `gcust_cls` VALUES ('6P621', '136', '正音A一', '0');
INSERT INTO `gcust_cls` VALUES ('6P621', '137', '正音B一', '0');
INSERT INTO `gcust_cls` VALUES ('6P621', '138', '新生', '0');
INSERT INTO `gcust_cls` VALUES ('6P621', '139', '長頸鹿', '0');
INSERT INTO `gcust_cls` VALUES ('6P701', '101', 'P1一', '0');
INSERT INTO `gcust_cls` VALUES ('6P701', '102', '老師', '0');
INSERT INTO `gcust_cls` VALUES ('6P701', '103', '補瓶', '0');
INSERT INTO `gcust_cls` VALUES ('6P701', '104', 'K1A一', '0');
INSERT INTO `gcust_cls` VALUES ('6P701', '105', 'P1A一', '0');
INSERT INTO `gcust_cls` VALUES ('6P701', '106', 'K2A 一', '0');
INSERT INTO `gcust_cls` VALUES ('6P701', '107', 'K3A一', '0');
INSERT INTO `gcust_cls` VALUES ('6P701', 'BABY', 'BABY', '0');
INSERT INTO `gcust_cls` VALUES ('6P701', 'K1A', 'K1A', '0');
INSERT INTO `gcust_cls` VALUES ('6P701', 'K2A', 'K2A', '0');
INSERT INTO `gcust_cls` VALUES ('6P701', 'K3A', 'K3A', '0');
INSERT INTO `gcust_cls` VALUES ('6P701', 'P1', 'P1', '0');
INSERT INTO `gcust_cls` VALUES ('6P701', 'P1A', 'PRK1', '0');
INSERT INTO `gcust_cls` VALUES ('6P701', 'PRK1', 'PRK1一', '0');
INSERT INTO `gcust_cls` VALUES ('6P761', '101', '西瓜', '0');
INSERT INTO `gcust_cls` VALUES ('6P761', '102', '蘋果', '0');
INSERT INTO `gcust_cls` VALUES ('6P761', '103', '葡萄', '0');
INSERT INTO `gcust_cls` VALUES ('6P761', '104', '草莓', '0');
INSERT INTO `gcust_cls` VALUES ('6P761', '105', '鳳梨', '0');
INSERT INTO `gcust_cls` VALUES ('6P761', '106', '香蕉', '0');
INSERT INTO `gcust_cls` VALUES ('6P761', '107', '安親', '0');
INSERT INTO `gcust_cls` VALUES ('6P761', '108', '櫻桃', '0');
INSERT INTO `gcust_cls` VALUES ('6P761', '109', '安親', '0');
INSERT INTO `gcust_cls` VALUES ('6P761', '110', '蕃茄', '0');
INSERT INTO `gcust_cls` VALUES ('6P761', '111', '檸檬', '0');
INSERT INTO `gcust_cls` VALUES ('6P761', '112', '老師', '0');
INSERT INTO `gcust_cls` VALUES ('6P761', '113', '補瓶', '0');
INSERT INTO `gcust_cls` VALUES ('6P761', '114', '園長', '0');
INSERT INTO `gcust_cls` VALUES ('6P761', '115', '正音2', '0');
INSERT INTO `gcust_cls` VALUES ('6P7D1', '101', '米奇', '0');
INSERT INTO `gcust_cls` VALUES ('6P7D1', '102', '米妮', '0');
INSERT INTO `gcust_cls` VALUES ('6P7D1', '103', '凱蒂', '0');
INSERT INTO `gcust_cls` VALUES ('6P7D1', '104', '史奴比', '0');
INSERT INTO `gcust_cls` VALUES ('6P7D1', '105', '美樂蒂', '0');
INSERT INTO `gcust_cls` VALUES ('6P7D1', '106', '維尼', '0');
INSERT INTO `gcust_cls` VALUES ('6P7D1', '107', '贈', '0');
INSERT INTO `gcust_cls` VALUES ('6P7D1', '108', '米飛', '0');
INSERT INTO `gcust_cls` VALUES ('6P7D1', '109', '安親', '0');
INSERT INTO `gcust_cls` VALUES ('6P7D1', '110', '幼幼', '0');
INSERT INTO `gcust_cls` VALUES ('6P7D1', '111', '辦公室', '0');
INSERT INTO `gcust_cls` VALUES ('6P931', '1', 'BB', '0');
INSERT INTO `gcust_cls` VALUES ('6P931', '101', '安親', '0');
INSERT INTO `gcust_cls` VALUES ('6P931', '102', '老師', '0');
INSERT INTO `gcust_cls` VALUES ('6P931', '103', '補瓶', '0');
INSERT INTO `gcust_cls` VALUES ('6P931', '2', 'SB(大)', '0');
INSERT INTO `gcust_cls` VALUES ('6P931', '3', 'SA(大)', '0');
INSERT INTO `gcust_cls` VALUES ('6P931', '4', 'JA(中)', '0');
INSERT INTO `gcust_cls` VALUES ('6P931', '5', 'PA', '0');
INSERT INTO `gcust_cls` VALUES ('6P931', 'BABY', 'BABY', '0');
INSERT INTO `gcust_cls` VALUES ('6P931', 'J-A', 'J-A', '0');
INSERT INTO `gcust_cls` VALUES ('6P931', 'J-B', 'J-B', '0');
INSERT INTO `gcust_cls` VALUES ('6P931', 'P-A', 'P-A', '0');
INSERT INTO `gcust_cls` VALUES ('6P931', 'P-B', 'P-B', '0');
INSERT INTO `gcust_cls` VALUES ('6P931', 'S-A', 'S-A', '0');
INSERT INTO `gcust_cls` VALUES ('6P931', 'S-B', 'S-B', '0');
INSERT INTO `gcust_cls` VALUES ('6PC71', '101', '路濟亞', '0');
INSERT INTO `gcust_cls` VALUES ('6PC71', '102', '方濟各', '0');
INSERT INTO `gcust_cls` VALUES ('6PC71', '103', '雅琴達', '0');
INSERT INTO `gcust_cls` VALUES ('6PC71', '104', '若望', '0');
INSERT INTO `gcust_cls` VALUES ('6PC71', '105', '辦公室', '0');
INSERT INTO `gcust_cls` VALUES ('6PC71', '106', '白兔', '0');
INSERT INTO `gcust_cls` VALUES ('6PC71', '107', '正音', '0');
INSERT INTO `gcust_cls` VALUES ('6PC71', '108', '綿羊', '0');
INSERT INTO `gcust_cls` VALUES ('6PC71', '109', '補瓶', '0');
INSERT INTO `gcust_cls` VALUES ('6PF21', '101', '11', '0');
INSERT INTO `gcust_cls` VALUES ('6PF21', '101U', '大安優', '0');
INSERT INTO `gcust_cls` VALUES ('6PF21', '102', '12', '0');
INSERT INTO `gcust_cls` VALUES ('6PF21', '103', '13', '0');
INSERT INTO `gcust_cls` VALUES ('6PF21', '104', '一丁', '0');
INSERT INTO `gcust_cls` VALUES ('6PF21', '201', '21', '0');
INSERT INTO `gcust_cls` VALUES ('6PF21', '202', '22', '0');
INSERT INTO `gcust_cls` VALUES ('6PF21', '203', '23', '0');
INSERT INTO `gcust_cls` VALUES ('6PF21', '204', '二丁', '0');
INSERT INTO `gcust_cls` VALUES ('6PF21', '301', '31', '0');
INSERT INTO `gcust_cls` VALUES ('6PF21', '302', '32', '0');
INSERT INTO `gcust_cls` VALUES ('6PF21', '303', '33', '0');
INSERT INTO `gcust_cls` VALUES ('6PF21', '304', '三丁', '0');
INSERT INTO `gcust_cls` VALUES ('6PF21', '304-', '三丁冰', '0');
INSERT INTO `gcust_cls` VALUES ('6PF21', '3041', '三丁冰', '0');
INSERT INTO `gcust_cls` VALUES ('6PF21', '401', '41', '0');
INSERT INTO `gcust_cls` VALUES ('6PF21', '402', '42', '0');
INSERT INTO `gcust_cls` VALUES ('6PF21', '403', '43', '0');
INSERT INTO `gcust_cls` VALUES ('6PF21', '404', '四丁', '0');
INSERT INTO `gcust_cls` VALUES ('6PF21', '501', '51', '0');
INSERT INTO `gcust_cls` VALUES ('6PF21', '502', '52', '0');
INSERT INTO `gcust_cls` VALUES ('6PF21', '502-', '五乙冰', '0');
INSERT INTO `gcust_cls` VALUES ('6PF21', '5021', '五乙冰', '0');
INSERT INTO `gcust_cls` VALUES ('6PF21', '503', '53', '0');
INSERT INTO `gcust_cls` VALUES ('6PF21', '504', '54', '0');
INSERT INTO `gcust_cls` VALUES ('6PF21', '504-', '五乙冰', '0');
INSERT INTO `gcust_cls` VALUES ('6PF21', '601', '61', '0');
INSERT INTO `gcust_cls` VALUES ('6PF21', '602', '62', '0');
INSERT INTO `gcust_cls` VALUES ('6PF21', '6021', '瑞峰', '0');
INSERT INTO `gcust_cls` VALUES ('6PF21', '603', '63', '0');
INSERT INTO `gcust_cls` VALUES ('6PF21', '604', '64', '0');
INSERT INTO `gcust_cls` VALUES ('6PF21', '605', '六戊', '0');
INSERT INTO `gcust_cls` VALUES ('6PF21', '6051', '六戊冰', '0');
INSERT INTO `gcust_cls` VALUES ('6PF21', '606', '老師', '0');
INSERT INTO `gcust_cls` VALUES ('6PF21', '608', '護士', '0');
INSERT INTO `gcust_cls` VALUES ('6PF21', '609', '無名氏', '0');
INSERT INTO `gcust_cls` VALUES ('6PF21', '610', '怡君', '0');
INSERT INTO `gcust_cls` VALUES ('6PF21', '611', '永怡', '0');
INSERT INTO `gcust_cls` VALUES ('6PF21', '612', '檢體', '0');
INSERT INTO `gcust_cls` VALUES ('6PF21', '613', '幸娥', '0');
INSERT INTO `gcust_cls` VALUES ('6PF21', '614', '補', '0');
INSERT INTO `gcust_cls` VALUES ('6PF21', '615', '王主任', '0');
INSERT INTO `gcust_cls` VALUES ('6PF21', '616', '淑琇', '0');
INSERT INTO `gcust_cls` VALUES ('6PF61', '101', '安琪', '0');
INSERT INTO `gcust_cls` VALUES ('6PF61', '102', '安親', '0');
INSERT INTO `gcust_cls` VALUES ('6PF61', '103', '老師', '0');
INSERT INTO `gcust_cls` VALUES ('6PF61', '104', '春暉', '0');
INSERT INTO `gcust_cls` VALUES ('6PF61', '105', '稚美', '0');
INSERT INTO `gcust_cls` VALUES ('6PF61', '106', '先修', '0');
INSERT INTO `gcust_cls` VALUES ('6PF61', '107', '百銘u. ', '0');
INSERT INTO `gcust_cls` VALUES ('6PF61', '108', '-贈', '0');
INSERT INTO `gcust_cls` VALUES ('6PF61', '109', '稚甄', '0');
INSERT INTO `gcust_cls` VALUES ('6PF61', '110', '米奇', '0');
INSERT INTO `gcust_cls` VALUES ('6PF61', '111', '達賢', '0');
INSERT INTO `gcust_cls` VALUES ('6PF61', '112', '員工', '0');
INSERT INTO `gcust_cls` VALUES ('6PF61', '113', '安安', '0');
INSERT INTO `gcust_cls` VALUES ('6PH11', '101', '安親', '0');
INSERT INTO `gcust_cls` VALUES ('6PH11', '102', '老師', '0');
INSERT INTO `gcust_cls` VALUES ('6PH11', '103', '老師補', '0');
INSERT INTO `gcust_cls` VALUES ('6PH11', 'G1A', 'G1A', '0');
INSERT INTO `gcust_cls` VALUES ('6PH11', 'G2A', 'G2A', '0');
INSERT INTO `gcust_cls` VALUES ('6PH11', 'G2B', 'G2B', '0');
INSERT INTO `gcust_cls` VALUES ('6PH11', 'G3A', 'G3A', '0');
INSERT INTO `gcust_cls` VALUES ('6PH11', 'G3B', 'G3B', '0');
INSERT INTO `gcust_cls` VALUES ('6PH11', 'K1A', 'K1A', '0');
INSERT INTO `gcust_cls` VALUES ('6PH11', 'K1B', 'K1B', '0');
INSERT INTO `gcust_cls` VALUES ('6PH11', 'K2A', 'K2A', '0');
INSERT INTO `gcust_cls` VALUES ('6PH11', 'K2B', 'K2B', '0');
INSERT INTO `gcust_cls` VALUES ('6PH11', 'K2C', 'K2C', '0');
INSERT INTO `gcust_cls` VALUES ('6PH11', 'K3A', 'K3A', '0');
INSERT INTO `gcust_cls` VALUES ('6PH11', 'K3B', 'K3B', '0');
INSERT INTO `gcust_cls` VALUES ('6PH11', 'K3C', 'K3C', '0');
INSERT INTO `gcust_cls` VALUES ('6PH11', 'N1A', 'N1A', '0');
INSERT INTO `gcust_cls` VALUES ('6PI61', '101', '老師', '0');
INSERT INTO `gcust_cls` VALUES ('6PI61', '102', '草莓', '0');
INSERT INTO `gcust_cls` VALUES ('6PI61', '103', '葡萄', '0');
INSERT INTO `gcust_cls` VALUES ('6PI61', '104', '蜜蜂', '0');
INSERT INTO `gcust_cls` VALUES ('6PI61', '105', '蜻蜓', '0');
INSERT INTO `gcust_cls` VALUES ('6PI61', '106', '蝴蝶', '0');
INSERT INTO `gcust_cls` VALUES ('6PI61', '107', '寶貝', '0');
INSERT INTO `gcust_cls` VALUES ('6PI61', '108', '蘋果', '0');
INSERT INTO `gcust_cls` VALUES ('6PI61', '109', '安親', '0');
INSERT INTO `gcust_cls` VALUES ('6PI61', '110', 'ANGEL', '0');
INSERT INTO `gcust_cls` VALUES ('6PJ51', '101', '老師', '0');
INSERT INTO `gcust_cls` VALUES ('6PJ51', 'B1A', 'B1A', '0');
INSERT INTO `gcust_cls` VALUES ('6PJ51', 'B1B', 'B1B', '0');
INSERT INTO `gcust_cls` VALUES ('6PJ51', 'K1A', 'K1A', '0');
INSERT INTO `gcust_cls` VALUES ('6PJ51', 'K1B', 'K1B', '0');
INSERT INTO `gcust_cls` VALUES ('6PJ51', 'K2A', 'K2A', '0');
INSERT INTO `gcust_cls` VALUES ('6PJ51', 'K2B', 'K2B', '0');
INSERT INTO `gcust_cls` VALUES ('6PJ51', 'K2C', 'K2C', '0');
INSERT INTO `gcust_cls` VALUES ('6PJ51', 'K3A', 'K3A', '0');
INSERT INTO `gcust_cls` VALUES ('6PJ51', 'K3B', 'K3B', '0');
INSERT INTO `gcust_cls` VALUES ('6PJ51', 'K3C', 'K3C', '0');
INSERT INTO `gcust_cls` VALUES ('6PK41', '101', '大一', '0');
INSERT INTO `gcust_cls` VALUES ('6PK41', '102', '中一', '0');
INSERT INTO `gcust_cls` VALUES ('6PK41', '103', '小一', '0');
INSERT INTO `gcust_cls` VALUES ('6PK41', '104', '幼一', '0');
INSERT INTO `gcust_cls` VALUES ('6PK41', '105', '中三', '0');
INSERT INTO `gcust_cls` VALUES ('6PK41', '106', '大二', '0');
INSERT INTO `gcust_cls` VALUES ('6PK41', '107', '小二', '0');
INSERT INTO `gcust_cls` VALUES ('6PK41', '108', '中二', '0');
INSERT INTO `gcust_cls` VALUES ('6PK41', '109', '幼二', '0');
INSERT INTO `gcust_cls` VALUES ('6PK51', '1', '大1', '0');
INSERT INTO `gcust_cls` VALUES ('6PK51', '2', '中1', '0');
INSERT INTO `gcust_cls` VALUES ('6PK51', '3', '中2', '0');
INSERT INTO `gcust_cls` VALUES ('6PK51', '4', '小1', '0');
INSERT INTO `gcust_cls` VALUES ('6PK51', '5', '正音', '0');
INSERT INTO `gcust_cls` VALUES ('6PK51', '6', '幼', '0');
INSERT INTO `gcust_cls` VALUES ('6PK51', '7', '大2', '0');
INSERT INTO `gcust_cls` VALUES ('6PK51', '8', '小2', '0');
INSERT INTO `gcust_cls` VALUES ('6PK71', '1', '櫻桃', '0');
INSERT INTO `gcust_cls` VALUES ('6PK71', '2', '鳳梨', '0');
INSERT INTO `gcust_cls` VALUES ('6PK71', '3', '香蕉', '0');
INSERT INTO `gcust_cls` VALUES ('6PK71', '4', '葡萄', '0');
INSERT INTO `gcust_cls` VALUES ('6PL71', '101', '一誠', '0');
INSERT INTO `gcust_cls` VALUES ('6PL71', '102', '一正', '0');
INSERT INTO `gcust_cls` VALUES ('6PL71', '103', '一勤', '0');
INSERT INTO `gcust_cls` VALUES ('6PL71', '104', '一樸', '0');
INSERT INTO `gcust_cls` VALUES ('6PL71', '105', '一忠', '0');
INSERT INTO `gcust_cls` VALUES ('6PL71', '106', '一孝', '0');
INSERT INTO `gcust_cls` VALUES ('6PL71', '107', '一仁', '0');
INSERT INTO `gcust_cls` VALUES ('6PL71', '108', '一愛', '0');
INSERT INTO `gcust_cls` VALUES ('6PL71', '201', '二誠', '0');
INSERT INTO `gcust_cls` VALUES ('6PL71', '202', '二正', '0');
INSERT INTO `gcust_cls` VALUES ('6PL71', '203', '二勤', '0');
INSERT INTO `gcust_cls` VALUES ('6PL71', '204', '二樸', '0');
INSERT INTO `gcust_cls` VALUES ('6PL71', '205', '二忠', '0');
INSERT INTO `gcust_cls` VALUES ('6PL71', '206', '二孝', '0');
INSERT INTO `gcust_cls` VALUES ('6PL71', '207', '二仁', '0');
INSERT INTO `gcust_cls` VALUES ('6PL71', '208', '二愛', '0');
INSERT INTO `gcust_cls` VALUES ('6PL71', '301', '三誠', '0');
INSERT INTO `gcust_cls` VALUES ('6PL71', '302', '三正', '0');
INSERT INTO `gcust_cls` VALUES ('6PL71', '303', '三勤', '0');
INSERT INTO `gcust_cls` VALUES ('6PL71', '304', '三樸', '0');
INSERT INTO `gcust_cls` VALUES ('6PL71', '305', '三忠', '0');
INSERT INTO `gcust_cls` VALUES ('6PL71', '306', '三孝', '0');
INSERT INTO `gcust_cls` VALUES ('6PL71', '307', '三仁', '0');
INSERT INTO `gcust_cls` VALUES ('6PL71', '308', '三愛', '0');
INSERT INTO `gcust_cls` VALUES ('6PL71', '401', '四誠', '0');
INSERT INTO `gcust_cls` VALUES ('6PL71', '402', '四正', '0');
INSERT INTO `gcust_cls` VALUES ('6PL71', '403', '四勤', '0');
INSERT INTO `gcust_cls` VALUES ('6PL71', '404', '四樸', '0');
INSERT INTO `gcust_cls` VALUES ('6PL71', '405', '四忠', '0');
INSERT INTO `gcust_cls` VALUES ('6PL71', '406', '四孝', '0');
INSERT INTO `gcust_cls` VALUES ('6PL71', '407', '四仁', '0');
INSERT INTO `gcust_cls` VALUES ('6PL71', '408', '四愛', '0');
INSERT INTO `gcust_cls` VALUES ('6PL71', '501', '五誠', '0');
INSERT INTO `gcust_cls` VALUES ('6PL71', '502', '五正', '0');
INSERT INTO `gcust_cls` VALUES ('6PL71', '503', '五勤', '0');
INSERT INTO `gcust_cls` VALUES ('6PL71', '504', '五樸', '0');
INSERT INTO `gcust_cls` VALUES ('6PL71', '505', '五忠', '0');
INSERT INTO `gcust_cls` VALUES ('6PL71', '506', '五孝', '0');
INSERT INTO `gcust_cls` VALUES ('6PL71', '507', '五仁', '0');
INSERT INTO `gcust_cls` VALUES ('6PL71', '508', '五愛', '0');
INSERT INTO `gcust_cls` VALUES ('6PL71', '509', '五年級', '0');
INSERT INTO `gcust_cls` VALUES ('6PL71', '601', '六誠', '0');
INSERT INTO `gcust_cls` VALUES ('6PL71', '602', '六正', '0');
INSERT INTO `gcust_cls` VALUES ('6PL71', '603', '六樸', '0');
INSERT INTO `gcust_cls` VALUES ('6PL71', '605', '六忠', '0');
INSERT INTO `gcust_cls` VALUES ('6PL71', '606', '六年級', '0');
INSERT INTO `gcust_cls` VALUES ('6PL71', '706', '七孝', '0');
INSERT INTO `gcust_cls` VALUES ('6PL71', '801', '無名氏', '0');
INSERT INTO `gcust_cls` VALUES ('6PL71', '802', '合作社', '0');
INSERT INTO `gcust_cls` VALUES ('6PL81', '101', '老師', '0');
INSERT INTO `gcust_cls` VALUES ('6PL81', '102', '辦公室', '0');
INSERT INTO `gcust_cls` VALUES ('6PL81', 'G1A', 'G1A', '0');
INSERT INTO `gcust_cls` VALUES ('6PL81', 'G2A', 'G2A', '0');
INSERT INTO `gcust_cls` VALUES ('6PL81', 'G3A', 'G3A', '0');
INSERT INTO `gcust_cls` VALUES ('6PL81', 'K1A', 'K1A', '0');
INSERT INTO `gcust_cls` VALUES ('6PL81', 'K2A', 'K2A', '0');
INSERT INTO `gcust_cls` VALUES ('6PL81', 'K2B', 'K2B', '0');
INSERT INTO `gcust_cls` VALUES ('6PL81', 'K2C', 'K2C', '0');
INSERT INTO `gcust_cls` VALUES ('6PL81', 'K3A', 'K3A', '0');
INSERT INTO `gcust_cls` VALUES ('6PL81', 'K3B', 'K3B', '0');
INSERT INTO `gcust_cls` VALUES ('6PL81', 'N2A', 'N2A', '0');
INSERT INTO `gcust_cls` VALUES ('6PM11', '101', '小羊', '0');
INSERT INTO `gcust_cls` VALUES ('6PM11', '102', '大橙', '0');
INSERT INTO `gcust_cls` VALUES ('6PM11', '103', '羊.馬', '0');
INSERT INTO `gcust_cls` VALUES ('6PM11', '104', '小熊', '0');
INSERT INTO `gcust_cls` VALUES ('6PM11', '105', '辦公室', '0');
INSERT INTO `gcust_cls` VALUES ('6PM11', '106', '中黃', '0');
INSERT INTO `gcust_cls` VALUES ('6PM11', '107', '海豚', '0');
INSERT INTO `gcust_cls` VALUES ('6PM11', '108', '白兔', '0');
INSERT INTO `gcust_cls` VALUES ('6PM11', '109', '安親', '0');
INSERT INTO `gcust_cls` VALUES ('6PM11', '110', '大黃', '0');
INSERT INTO `gcust_cls` VALUES ('6PM11', '111', '先修', '0');
INSERT INTO `gcust_cls` VALUES ('6PM11', '112', '大象', '0');
INSERT INTO `gcust_cls` VALUES ('6PM11', '113', '獅子', '0');
INSERT INTO `gcust_cls` VALUES ('6PM11', '114', '花鹿', '0');
INSERT INTO `gcust_cls` VALUES ('6PM11', '115', '企鵝', '0');
INSERT INTO `gcust_cls` VALUES ('6PM11', '116', '小馬', '0');
INSERT INTO `gcust_cls` VALUES ('6PN91', '101', '大班', '0');
INSERT INTO `gcust_cls` VALUES ('6PN91', '102', '中班', '0');
INSERT INTO `gcust_cls` VALUES ('6PN91', '103', '小班', '0');
INSERT INTO `gcust_cls` VALUES ('6PN91', '104', '幼幼', '0');
INSERT INTO `gcust_cls` VALUES ('6PN91', '105', '老師贈', '0');
INSERT INTO `gcust_cls` VALUES ('6PN91', '106', '安親ㄧ', '0');
INSERT INTO `gcust_cls` VALUES ('6PN91', '107', '安親二', '0');
INSERT INTO `gcust_cls` VALUES ('6PN91', '108', '安親三', '0');
INSERT INTO `gcust_cls` VALUES ('6PN91', '109', '老師', '0');
INSERT INTO `gcust_cls` VALUES ('6PN91', '110', '中班二', '0');
INSERT INTO `gcust_cls` VALUES ('6PP71', '101', '鬱金香', '0');
INSERT INTO `gcust_cls` VALUES ('6PP71', '102', '紫羅蘭', '0');
INSERT INTO `gcust_cls` VALUES ('6PP71', '103', '向日葵', '0');
INSERT INTO `gcust_cls` VALUES ('6PP71', '104', '康乃馨', '0');
INSERT INTO `gcust_cls` VALUES ('6PP71', '105', '安親', '0');
INSERT INTO `gcust_cls` VALUES ('6PP71', '106', '海馬', '0');
INSERT INTO `gcust_cls` VALUES ('6PP71', '107', '海星', '0');
INSERT INTO `gcust_cls` VALUES ('6PP71', '108', '喜洋洋', '0');
INSERT INTO `gcust_cls` VALUES ('6PP71', '109', '松鼠', '0');
INSERT INTO `gcust_cls` VALUES ('6PP71', '110', '水仙', '0');
INSERT INTO `gcust_cls` VALUES ('6PP71', '111', '小百合', '0');
INSERT INTO `gcust_cls` VALUES ('6PP71', '112', '茉莉花', '0');
INSERT INTO `gcust_cls` VALUES ('6PP81', '101', '松鼠', '0');
INSERT INTO `gcust_cls` VALUES ('6PP81', '102', '白兔', '0');
INSERT INTO `gcust_cls` VALUES ('6PP81', '103', '企鵝', '0');
INSERT INTO `gcust_cls` VALUES ('6PP81', '104', '羚羊', '0');
INSERT INTO `gcust_cls` VALUES ('6PP81', '105', '大貓熊', '0');
INSERT INTO `gcust_cls` VALUES ('6PP81', '106', '大象', '0');
INSERT INTO `gcust_cls` VALUES ('6PP81', '107', '贈', '0');
INSERT INTO `gcust_cls` VALUES ('6PP81', '108', '正音', '0');
INSERT INTO `gcust_cls` VALUES ('6PP81', '109', '喜洋洋', '0');
INSERT INTO `gcust_cls` VALUES ('6PP81', '110', '長老', '0');
INSERT INTO `gcust_cls` VALUES ('6PQ21', '101', '愛愛', '0');
INSERT INTO `gcust_cls` VALUES ('6PQ21', '102', '樂樂', '0');
INSERT INTO `gcust_cls` VALUES ('6PQ21', '103', '蜜蜜', '0');
INSERT INTO `gcust_cls` VALUES ('6PQ21', '104', '甜甜', '0');
INSERT INTO `gcust_cls` VALUES ('6PQ21', '105', '安親', '0');
INSERT INTO `gcust_cls` VALUES ('6PQ21', '106', '補', '0');
INSERT INTO `gcust_cls` VALUES ('6PQ21', '107', '龜山', '0');
INSERT INTO `gcust_cls` VALUES ('6PT41', '101', '大紅', '0');
INSERT INTO `gcust_cls` VALUES ('6PT41', '102', '大藍', '0');
INSERT INTO `gcust_cls` VALUES ('6PT41', '103', '中紅', '0');
INSERT INTO `gcust_cls` VALUES ('6PT41', '104', '中藍', '0');
INSERT INTO `gcust_cls` VALUES ('6PT41', '105', '小紅', '0');
INSERT INTO `gcust_cls` VALUES ('6PT41', '106', '小藍', '0');
INSERT INTO `gcust_cls` VALUES ('6PT41', '107', '幼幼', '0');
INSERT INTO `gcust_cls` VALUES ('6PT41', '108', '安親', '0');
INSERT INTO `gcust_cls` VALUES ('6PT41', '109', '正音', '0');
INSERT INTO `gcust_cls` VALUES ('6PU71', '1', '企1', '0');
INSERT INTO `gcust_cls` VALUES ('6PU71', '1-1', '企2', '0');
INSERT INTO `gcust_cls` VALUES ('6PU71', '1-2', '泡芙', '0');
INSERT INTO `gcust_cls` VALUES ('6PU71', '1-3', '布丁', '0');
INSERT INTO `gcust_cls` VALUES ('6PU71', '1-5', '冰淇淋', '0');
INSERT INTO `gcust_cls` VALUES ('6PU71', '1-6', '蛋糕', '0');
INSERT INTO `gcust_cls` VALUES ('6PU71', '1-7', '棉花糖', '0');
INSERT INTO `gcust_cls` VALUES ('6PU71', '101', '甜甜圈', '0');
INSERT INTO `gcust_cls` VALUES ('6PU71', '102', '毛毛蟲', '0');
INSERT INTO `gcust_cls` VALUES ('6PU71', '103', '長頸鹿', '0');
INSERT INTO `gcust_cls` VALUES ('6PU71', '104', '貓熊', '0');
INSERT INTO `gcust_cls` VALUES ('6PU71', '105', '無尾熊', '0');
INSERT INTO `gcust_cls` VALUES ('6PU71', '106', '白兔', '0');
INSERT INTO `gcust_cls` VALUES ('6PU71', '107', '小熊', '0');
INSERT INTO `gcust_cls` VALUES ('6PU71', '2', '螃蟹', '0');
INSERT INTO `gcust_cls` VALUES ('6PU71', '3', '美人魚', '0');
INSERT INTO `gcust_cls` VALUES ('6PU71', '4', '珊瑚', '0');
INSERT INTO `gcust_cls` VALUES ('6PU71', '5', '海豚', '0');
INSERT INTO `gcust_cls` VALUES ('6PU71', '6', '海馬', '0');
INSERT INTO `gcust_cls` VALUES ('6PU71', '7', '鯨魚', '0');
INSERT INTO `gcust_cls` VALUES ('6PU81', '101', '蝴蝶', '0');
INSERT INTO `gcust_cls` VALUES ('6PU81', '102', '蜜蜂', '0');
INSERT INTO `gcust_cls` VALUES ('6PU81', '103', '蜻蜓', '0');
INSERT INTO `gcust_cls` VALUES ('6PU81', '104', '先修', '0');
INSERT INTO `gcust_cls` VALUES ('6PU81', '105', '安親', '0');
INSERT INTO `gcust_cls` VALUES ('6PX21', '101', '小一', '0');
INSERT INTO `gcust_cls` VALUES ('6PX21', '102', '小二', '0');
INSERT INTO `gcust_cls` VALUES ('6PX21', '103', '中一', '0');
INSERT INTO `gcust_cls` VALUES ('6PX21', '104', '中二', '0');
INSERT INTO `gcust_cls` VALUES ('6PX21', '105', '幼幼', '0');
INSERT INTO `gcust_cls` VALUES ('6PX21', '106', '大一', '0');
INSERT INTO `gcust_cls` VALUES ('6PX21', '107', '3B', '0');
INSERT INTO `gcust_cls` VALUES ('6PX21', '108', 'Baby', '0');
INSERT INTO `gcust_cls` VALUES ('6PX21', '109', '大二', '0');
INSERT INTO `gcust_cls` VALUES ('6PX21', '110', '中三', '0');
INSERT INTO `gcust_cls` VALUES ('6PX21', '111', 'K2A一', '0');
INSERT INTO `gcust_cls` VALUES ('6PX21', '112', 'BABY一', '0');
INSERT INTO `gcust_cls` VALUES ('6PX21', '113', 'K1A一', '0');
INSERT INTO `gcust_cls` VALUES ('6PX21', '114', 'K1B一', '0');
INSERT INTO `gcust_cls` VALUES ('6PX21', '115', 'K2B一', '0');
INSERT INTO `gcust_cls` VALUES ('6PX21', '116', '大三', '0');
INSERT INTO `gcust_cls` VALUES ('6PX21', '117', 'K3C一', '0');
INSERT INTO `gcust_cls` VALUES ('6PX21', '118', 'K3E', '0');
INSERT INTO `gcust_cls` VALUES ('6PX21', '119', 'K3E一', '0');
INSERT INTO `gcust_cls` VALUES ('6PX21', '120', 'K2C一', '0');
INSERT INTO `gcust_cls` VALUES ('6PX21', '121', 'KB一', '0');
INSERT INTO `gcust_cls` VALUES ('6PX21', '122', 'K3A一', '0');
INSERT INTO `gcust_cls` VALUES ('6PX21', '123', '小A', '0');
INSERT INTO `gcust_cls` VALUES ('6PX21', '124', '小A一', '0');
INSERT INTO `gcust_cls` VALUES ('6PX21', '125', '小B', '0');
INSERT INTO `gcust_cls` VALUES ('6PX21', '126', '小B一', '0');
INSERT INTO `gcust_cls` VALUES ('6PX21', '127', 'K3B一', '0');
INSERT INTO `gcust_cls` VALUES ('6PX21', '128', '老師', '0');
INSERT INTO `gcust_cls` VALUES ('6PX21', '129', '職員', '0');
INSERT INTO `gcust_cls` VALUES ('6PX51', '101', 'K1A', '0');
INSERT INTO `gcust_cls` VALUES ('6PX51', '102', 'K2A', '0');
INSERT INTO `gcust_cls` VALUES ('6PX51', '103', 'K3A', '0');
INSERT INTO `gcust_cls` VALUES ('6PX51', '104', 'K3B', '0');
INSERT INTO `gcust_cls` VALUES ('6PX51', '105', 'C2A', '0');
INSERT INTO `gcust_cls` VALUES ('6PX51', '106', 'C3A', '0');
INSERT INTO `gcust_cls` VALUES ('6PX51', '107', '老師', '0');
INSERT INTO `gcust_cls` VALUES ('6PX51', '108', 'C1A', '0');
INSERT INTO `gcust_cls` VALUES ('6PX51', '109', 'K3A補', '0');
INSERT INTO `gcust_cls` VALUES ('6PX51', '110', 'K班', '0');
INSERT INTO `gcust_cls` VALUES ('6PX51', '111', 'Hebe補', '0');
INSERT INTO `gcust_cls` VALUES ('6PX61', '101', 'K1A', '0');
INSERT INTO `gcust_cls` VALUES ('6PX61', '102', 'K2A', '0');
INSERT INTO `gcust_cls` VALUES ('6PX61', '103', 'K2B', '0');
INSERT INTO `gcust_cls` VALUES ('6PX61', '104', 'K3A', '0');
INSERT INTO `gcust_cls` VALUES ('6PX61', '105', 'K3B', '0');
INSERT INTO `gcust_cls` VALUES ('6PX61', '106', 'N1A', '0');
INSERT INTO `gcust_cls` VALUES ('6PX61', '107', '教務', '0');
INSERT INTO `gcust_cls` VALUES ('6PX61', '108', '贈瓶', '0');
INSERT INTO `gcust_cls` VALUES ('6PX61', '109', '補瓶', '0');
INSERT INTO `gcust_cls` VALUES ('6PX61', '110', 'K1A一', '0');
INSERT INTO `gcust_cls` VALUES ('6PX61', '111', 'K2A一', '0');
INSERT INTO `gcust_cls` VALUES ('6PX61', '112', 'K3A一', '0');
INSERT INTO `gcust_cls` VALUES ('6PX61', '113', 'K2A一', '0');
INSERT INTO `gcust_cls` VALUES ('6PX61', '114', 'K2B一', '0');
INSERT INTO `gcust_cls` VALUES ('6PX61', '115', 'K3B一', '0');
INSERT INTO `gcust_cls` VALUES ('6PX61', '116', 'N1A一', '0');
INSERT INTO `gcust_cls` VALUES ('6PX61', '117', 'K1B', '0');
INSERT INTO `gcust_cls` VALUES ('6PX61', '118', 'K3C一', '0');
INSERT INTO `gcust_cls` VALUES ('6PX61', '119', '安親L', '0');
INSERT INTO `gcust_cls` VALUES ('6PX61', '120', '安親J', '0');
INSERT INTO `gcust_cls` VALUES ('6P611', '134', '小BB', '0');
INSERT INTO `gcust_cls` VALUES ('6PX61', '121', '安親I', '0');
INSERT INTO `gcust_cls` VALUES ('6PX61', '122', '安親P', '0');
INSERT INTO `gcust_cls` VALUES ('6PX61', '123', '安親K', '0');
INSERT INTO `gcust_cls` VALUES ('6PL81', '1', '安親', '0');
INSERT INTO `gcust_cls` VALUES ('6P1T1', '7', '月亮', '0');
INSERT INTO `gcust_cls` VALUES ('5A2G1', '5', 'P4A', '0');
INSERT INTO `gcust_cls` VALUES ('5A2G1', '6', 'K2A', '0');
INSERT INTO `gcust_cls` VALUES ('5A2G1', '7', 'K2B', '0');
INSERT INTO `gcust_cls` VALUES ('6P191', '119', '502', '0');
INSERT INTO `gcust_cls` VALUES ('6P621', '140', '畢業生', '0');
INSERT INTO `gcust_cls` VALUES ('6P2C1', '108', '幼幼', '0');
INSERT INTO `gcust_cls` VALUES ('6PX21', '130', '備瓶', '0');
INSERT INTO `gcust_cls` VALUES ('6PX51', '112', '暑期', '0');
INSERT INTO `gcust_cls` VALUES ('6PK41', '110', '中', '0');
INSERT INTO `gcust_cls` VALUES ('6PK41', '111', '小班', '0');
INSERT INTO `gcust_cls` VALUES ('6PK41', '112', '幼', '0');
INSERT INTO `gcust_cls` VALUES ('6P621', '141', '加安六', '0');
INSERT INTO `gcust_cls` VALUES ('5A3E1', '1', 'G1B', '0');
INSERT INTO `gcust_cls` VALUES ('5A3E1', '2', 'G2', '0');
INSERT INTO `gcust_cls` VALUES ('5A3E1', '3', 'G3', '0');
INSERT INTO `gcust_cls` VALUES ('6P761', '116', '正音5', '0');
INSERT INTO `gcust_cls` VALUES ('6P761', '117', '正音3', '0');
INSERT INTO `gcust_cls` VALUES ('6P1T1', '8', '正音', '0');
INSERT INTO `gcust_cls` VALUES ('5AE41', '119', '六', '0');
INSERT INTO `gcust_cls` VALUES ('6P761', '118', '安1', '0');
INSERT INTO `gcust_cls` VALUES ('6P761', '119', '安2', '0');
INSERT INTO `gcust_cls` VALUES ('6P761', '120', '安3', '0');
INSERT INTO `gcust_cls` VALUES ('6P231', 'JO', 'JO', '0');
INSERT INTO `gcust_cls` VALUES ('6PX61', 'K2C', 'K2C', '0');
INSERT INTO `gcust_cls` VALUES ('5AQ91', '1', '安一', '0');
INSERT INTO `gcust_cls` VALUES ('5AQ91', '2', '安二', '0');
INSERT INTO `gcust_cls` VALUES ('6P2B1', '112', '安親', '0');
INSERT INTO `gcust_cls` VALUES ('6P191', '120', '呂華埕', '0');
INSERT INTO `gcust_cls` VALUES ('5A2G1', '8', 'S4A', '0');
INSERT INTO `gcust_cls` VALUES ('6P2D1', '13', 'K1B', '0');
INSERT INTO `gcust_cls` VALUES ('6P611', '135', '小S補', '0');
INSERT INTO `gcust_cls` VALUES ('6P7D1', '112', '寶貝', '0');
INSERT INTO `gcust_cls` VALUES ('6P1V1', '1', '大班', '0');
INSERT INTO `gcust_cls` VALUES ('6P1V1', '2', '維尼', '0');
INSERT INTO `gcust_cls` VALUES ('6P1V1', '3', '小白兔', '0');
INSERT INTO `gcust_cls` VALUES ('6P1V1', '4', '幼幼', '0');
INSERT INTO `gcust_cls` VALUES ('6P761', '1', '柳丁', '0');
INSERT INTO `gcust_cls` VALUES ('5A1W1', '20', 'K1A補', '0');
INSERT INTO `gcust_cls` VALUES ('5A1W1', '21', 'K2A', '0');
INSERT INTO `gcust_cls` VALUES ('5A1W1', '22', 'Sisi', '0');
INSERT INTO `gcust_cls` VALUES ('5A1W1', '23', 'N2A', '0');
INSERT INTO `gcust_cls` VALUES ('6PK71', '5', '草莓', '0');
INSERT INTO `gcust_cls` VALUES ('5A1W1', '11-3', 'K3A補', '0');
INSERT INTO `gcust_cls` VALUES ('6PX21', '131', '樓下班', '0');
INSERT INTO `gcust_cls` VALUES ('6P611', '136', '大C補', '0');
INSERT INTO `gcust_cls` VALUES ('6PL81', '2', 'K1B', '0');
INSERT INTO `gcust_cls` VALUES ('5A1W1', '35-1', 'K3A', '0');
INSERT INTO `gcust_cls` VALUES ('6P191', '123', '蝴蝶', '0');
INSERT INTO `gcust_cls` VALUES ('6PJ51', '1', 'K3C補', '0');
INSERT INTO `gcust_cls` VALUES ('5A2G1', '9', 'S2A', '0');
INSERT INTO `gcust_cls` VALUES ('5A2G1', '0', 'S1A', '0');
INSERT INTO `gcust_cls` VALUES ('6P191', '124', '巧虎', '0');
INSERT INTO `gcust_cls` VALUES ('6PU71', '8', '園長', '0');
INSERT INTO `gcust_cls` VALUES ('6P2D1', '14-2', 'K3A補', '0');
INSERT INTO `gcust_cls` VALUES ('6PP71', '113', '薰衣草', '0');
INSERT INTO `gcust_cls` VALUES ('6PK71', '6', '檸檬', '0');
INSERT INTO `gcust_cls` VALUES ('6P931', '6', '園長', '0');
INSERT INTO `gcust_cls` VALUES ('6P7D1', '113', '朵拉', '0');
INSERT INTO `gcust_cls` VALUES ('6PP81', '111', '安親', '0');
INSERT INTO `gcust_cls` VALUES ('6P611', '137', '中D一', '0');
INSERT INTO `gcust_cls` VALUES ('6PC71', '110', '伯多祿', '0');
INSERT INTO `gcust_cls` VALUES ('6P1V1', '5', '孔雀', '0');
INSERT INTO `gcust_cls` VALUES ('6P1V1', '6', '綿羊', '0');
INSERT INTO `gcust_cls` VALUES ('6P1V1', '7', '花鹿', '0');
INSERT INTO `gcust_cls` VALUES ('6P1V1', '8', '白+浣', '0');
INSERT INTO `gcust_cls` VALUES ('6PH11', '1', '教務處', '0');
INSERT INTO `gcust_cls` VALUES ('5A1W1', '18', 'K3B', '0');
INSERT INTO `gcust_cls` VALUES ('6PH11', '2', 'K2C補', '0');
INSERT INTO `gcust_cls` VALUES ('6PH11', '3', 'K3B補', '0');
INSERT INTO `gcust_cls` VALUES ('6PH11', '5', 'K1A補', '0');
INSERT INTO `gcust_cls` VALUES ('6PJ51', '2', 'K2C補', '0');
INSERT INTO `gcust_cls` VALUES ('6P7D1', '114', '波利', '0');
INSERT INTO `gcust_cls` VALUES ('5A4E1', '1', '221', '0');
INSERT INTO `gcust_cls` VALUES ('6PX61', '2', 'K3C', '0');
INSERT INTO `gcust_cls` VALUES ('6P1H1', '1', '太陽', '0');
INSERT INTO `gcust_cls` VALUES ('6PL81', 'N1A', 'N1A', '0');
INSERT INTO `gcust_cls` VALUES ('5A5B1', '1', '一', '0');
INSERT INTO `gcust_cls` VALUES ('5A5B1', '2', '二', '0');
INSERT INTO `gcust_cls` VALUES ('5A5B1', '3', '三', '0');
INSERT INTO `gcust_cls` VALUES ('5A5B1', '4', '四', '0');
INSERT INTO `gcust_cls` VALUES ('5A5B1', '5', '五', '0');
INSERT INTO `gcust_cls` VALUES ('5A5B1', '6', '六', '0');
INSERT INTO `gcust_cls` VALUES ('5A1W1', '36', 'K2B', '0');
INSERT INTO `gcust_cls` VALUES ('5A2Q1', '1', '1A', '0');
INSERT INTO `gcust_cls` VALUES ('5A2Q1', '2', '1B', '0');
INSERT INTO `gcust_cls` VALUES ('5A2Q1', '3', '2A', '0');
INSERT INTO `gcust_cls` VALUES ('5A2Q1', '4', '3A', '0');
INSERT INTO `gcust_cls` VALUES ('5A2Q1', '5', '3B', '0');
INSERT INTO `gcust_cls` VALUES ('5A2Q1', '6', '4A', '0');
INSERT INTO `gcust_cls` VALUES ('5A2Q1', '7', '4B', '0');
INSERT INTO `gcust_cls` VALUES ('5A2Q1', '8', '5.6', '0');
INSERT INTO `gcust_cls` VALUES ('5A2Q1', '9', '6', '0');
INSERT INTO `gcust_cls` VALUES ('5A2Q1', '2-1', '2A-1', '0');
INSERT INTO `gcust_cls` VALUES ('6PL81', '3', 'K3C', '0');
INSERT INTO `gcust_cls` VALUES ('6P1V1', '9', '維尼', '0');
INSERT INTO `gcust_cls` VALUES ('5A2Q1', '10', '一', '0');
INSERT INTO `gcust_cls` VALUES ('5A2Q1', '11', '二.三', '0');
INSERT INTO `gcust_cls` VALUES ('6P611', '138', '小B', '0');
INSERT INTO `gcust_cls` VALUES ('5AE41', '120', '大象', '0');
INSERT INTO `gcust_cls` VALUES ('5AE41', '121', '獅子', '0');
INSERT INTO `gcust_cls` VALUES ('5A5B1', '7', '辦公室', '0');
INSERT INTO `gcust_cls` VALUES ('5A2Q1', '12', '四', '0');
INSERT INTO `gcust_cls` VALUES ('5A2Q1', '13', '五', '0');
INSERT INTO `gcust_cls` VALUES ('5A2G1', '10', 'S5A', '0');
INSERT INTO `gcust_cls` VALUES ('5A4U1', '1', '一', '0');
INSERT INTO `gcust_cls` VALUES ('5A4U1', '2', '二', '0');
INSERT INTO `gcust_cls` VALUES ('5A2Q1', '14', '二', '0');
INSERT INTO `gcust_cls` VALUES ('5A2Q1', '15', '三', '0');
INSERT INTO `gcust_cls` VALUES ('5A1W1', '37', 'K3B', '0');
INSERT INTO `gcust_cls` VALUES ('6PN11', '1', '大象', '0');
INSERT INTO `gcust_cls` VALUES ('6PN11', '2', '白兔', '0');
INSERT INTO `gcust_cls` VALUES ('6PN11', '3', '羊', '0');
INSERT INTO `gcust_cls` VALUES ('6PN11', '4', '輝熊', '0');
INSERT INTO `gcust_cls` VALUES ('6P1H1', '2', '彩虹', '0');
INSERT INTO `gcust_cls` VALUES ('6P1H1', '3', '雲朵', '0');
INSERT INTO `gcust_cls` VALUES ('5A2Q1', '16', '5B', '0');
INSERT INTO `gcust_cls` VALUES ('5A2G1', '11', 'P3A', '0');
INSERT INTO `gcust_cls` VALUES ('6P191', '125', '503', '0');
INSERT INTO `gcust_cls` VALUES ('6PX51', '113', 'C1B', '0');
INSERT INTO `gcust_cls` VALUES ('6PP71', '114', '紫羅補', '0');
INSERT INTO `gcust_cls` VALUES ('6P7D1', '115', '高飛', '0');
INSERT INTO `gcust_cls` VALUES ('6PU81', '106', '補瓶', '0');
INSERT INTO `gcust_cls` VALUES ('6P1V1', '1-1', '袋鼠', '0');
INSERT INTO `gcust_cls` VALUES ('6PH11', 'N2A', 'N2A', '0');
INSERT INTO `gcust_cls` VALUES ('6PU71', '10', '海星', '0');
INSERT INTO `gcust_cls` VALUES ('6PU71', '11', '草莓', '0');
INSERT INTO `gcust_cls` VALUES ('6PU71', '12', '哈密瓜', '0');
INSERT INTO `gcust_cls` VALUES ('6PU71', '13', '西瓜', '0');
INSERT INTO `gcust_cls` VALUES ('6PU71', '14', '奇異果', '0');
INSERT INTO `gcust_cls` VALUES ('6PU71', '15', '水蜜桃', '0');
INSERT INTO `gcust_cls` VALUES ('6PU71', '16', '蘋果', '0');
INSERT INTO `gcust_cls` VALUES ('6PU71', '17', '香蕉', '0');
INSERT INTO `gcust_cls` VALUES ('6PU71', '18', '柳丁', '0');
INSERT INTO `gcust_cls` VALUES ('5A2Q1', '17', '2B', '0');
INSERT INTO `gcust_cls` VALUES ('5AQ91', '3', '備', '0');
INSERT INTO `gcust_cls` VALUES ('5A2G1', '12', 'G1A', '0');
INSERT INTO `gcust_cls` VALUES ('5A2G1', '13', 'G2A', '0');
INSERT INTO `gcust_cls` VALUES ('5A2G1', '15', 'G3A', '0');
INSERT INTO `gcust_cls` VALUES ('5A2G1', '16', 'S1.2A', '0');
INSERT INTO `gcust_cls` VALUES ('6P7D1', '116', '尼莫', '0');
INSERT INTO `gcust_cls` VALUES ('5A621', '1', '安1', '0');
INSERT INTO `gcust_cls` VALUES ('5A621', '2', '安2', '0');
INSERT INTO `gcust_cls` VALUES ('5A621', '3', '其', '0');
INSERT INTO `gcust_cls` VALUES ('5A4J1', '1', '一', '0');
INSERT INTO `gcust_cls` VALUES ('5A4J1', '2', '二', '0');
INSERT INTO `gcust_cls` VALUES ('5A4J1', '3', '三', '0');
INSERT INTO `gcust_cls` VALUES ('5A4J1', '4', '四', '0');
INSERT INTO `gcust_cls` VALUES ('5A4J1', '5', '五', '0');
INSERT INTO `gcust_cls` VALUES ('5A4J1', '6', '六', '0');
INSERT INTO `gcust_cls` VALUES ('5A4J1', '7', '櫃', '0');
INSERT INTO `gcust_cls` VALUES ('5A621', '4', 'M1A', '0');
INSERT INTO `gcust_cls` VALUES ('5A621', '5', 'M2A', '0');
INSERT INTO `gcust_cls` VALUES ('5A621', '6', 'K1A', '0');
INSERT INTO `gcust_cls` VALUES ('5A621', '7', 'M班', '0');
INSERT INTO `gcust_cls` VALUES ('6PN11', '5', '草莓', '0');
INSERT INTO `gcust_cls` VALUES ('5A881', '1', '一', '0');
INSERT INTO `gcust_cls` VALUES ('5A881', '2', '二', '0');
INSERT INTO `gcust_cls` VALUES ('5A881', '3', '三', '0');
INSERT INTO `gcust_cls` VALUES ('5A881', '4', '四', '0');
INSERT INTO `gcust_cls` VALUES ('5A881', '5', '五', '0');
INSERT INTO `gcust_cls` VALUES ('5A881', '6', '六', '0');
INSERT INTO `gcust_cls` VALUES ('5A881', '7', '贈', '0');
INSERT INTO `gcust_cls` VALUES ('5A881', '8', '數', '0');
INSERT INTO `gcust_cls` VALUES ('5A3U1', '1', '一A', '0');
INSERT INTO `gcust_cls` VALUES ('5A3U1', '2', '二A', '0');
INSERT INTO `gcust_cls` VALUES ('5A3U1', '3', '三A', '0');
INSERT INTO `gcust_cls` VALUES ('5A3U1', '4', '四A', '0');
INSERT INTO `gcust_cls` VALUES ('5A3U1', '5', '五', '0');
INSERT INTO `gcust_cls` VALUES ('5A3U1', '6', '二B', '0');
INSERT INTO `gcust_cls` VALUES ('5A5M1', '1', '一', '0');
INSERT INTO `gcust_cls` VALUES ('5A5M1', '2', '二', '0');
INSERT INTO `gcust_cls` VALUES ('5A5M1', '3', '三', '0');
INSERT INTO `gcust_cls` VALUES ('5A5M1', '4', '四', '0');
INSERT INTO `gcust_cls` VALUES ('5A5M1', '5', '五', '0');
INSERT INTO `gcust_cls` VALUES ('5A5M1', '6', '六', '0');
INSERT INTO `gcust_cls` VALUES ('5A5M1', '7', '備', '0');
INSERT INTO `gcust_cls` VALUES ('5A3U1', '7', '櫃', '0');
INSERT INTO `gcust_cls` VALUES ('5A5N1', '1', '一', '0');
INSERT INTO `gcust_cls` VALUES ('5A5N1', '2 ', '二', '0');
INSERT INTO `gcust_cls` VALUES ('5A5N1', '3', '三', '0');
INSERT INTO `gcust_cls` VALUES ('5A5N1', '4', '四', '0');
INSERT INTO `gcust_cls` VALUES ('5A5N1', '5', '五', '0');
INSERT INTO `gcust_cls` VALUES ('5A5N1', '6', '六', '0');
INSERT INTO `gcust_cls` VALUES ('5A5N1', '7', '辦', '0');
INSERT INTO `gcust_cls` VALUES ('5A5M1', '8', '辦公', '0');
INSERT INTO `gcust_cls` VALUES ('5A5M1', '9', '補五', '0');
INSERT INTO `gcust_cls` VALUES ('5A2G1', '17', '補幼', '0');
INSERT INTO `gcust_cls` VALUES ('5A621', '8', 'M3A', '0');
INSERT INTO `gcust_cls` VALUES ('6P2D1', '15', 'k1A-Mia補', '0');
INSERT INTO `gcust_cls` VALUES ('5A3U1', '8', '三B', '0');
INSERT INTO `gcust_cls` VALUES ('5A3U1', '9', '六', '0');
INSERT INTO `gcust_cls` VALUES ('6P2B1', '113', '正音陳', '0');
INSERT INTO `gcust_cls` VALUES ('5A1W1', '41', '補M1A', '0');
INSERT INTO `gcust_cls` VALUES ('5A1W1', '42', 'M3', '0');
INSERT INTO `gcust_cls` VALUES ('5A1W1', '43', '原K3A', '0');
INSERT INTO `gcust_cls` VALUES ('6PL81', '4', 'M2A', '0');
INSERT INTO `gcust_cls` VALUES ('5AQ91', '4', '安三', '0');
INSERT INTO `gcust_cls` VALUES ('5A4M1', '1', '一', '0');
INSERT INTO `gcust_cls` VALUES ('5A4M1', '2', '二', '0');
INSERT INTO `gcust_cls` VALUES ('5A4M1', '3', '三', '0');
INSERT INTO `gcust_cls` VALUES ('5A2Q1', '18', '6A', '0');
INSERT INTO `gcust_cls` VALUES ('5A2Q1', '19', '6B', '0');
INSERT INTO `gcust_cls` VALUES ('5A3U1', '10', '一B', '0');
INSERT INTO `gcust_cls` VALUES ('5A2Q1', '22', '六甲', '0');
INSERT INTO `gcust_cls` VALUES ('5A5T1', '1', '小吉', '0');
INSERT INTO `gcust_cls` VALUES ('5A5T1', '2', '雪卿', '0');
INSERT INTO `gcust_cls` VALUES ('5A5T1', '3', '美芳', '0');
INSERT INTO `gcust_cls` VALUES ('5A5T1', '4', '小河', '0');
INSERT INTO `gcust_cls` VALUES ('5A5T1', '5', '文真', '0');
INSERT INTO `gcust_cls` VALUES ('5A5T1', '6', '小惠', '0');
INSERT INTO `gcust_cls` VALUES ('6P3G1', '1', '奧斯', '0');
INSERT INTO `gcust_cls` VALUES ('6P3G1', '2', '諾貝', '0');
INSERT INTO `gcust_cls` VALUES ('6P1L1', '001', '智慧棕熊', '0');
INSERT INTO `gcust_cls` VALUES ('6P1L1', '002', '斑比花鹿', '0');
INSERT INTO `gcust_cls` VALUES ('6P1L1', '003', '彩虹飛象', '0');
INSERT INTO `gcust_cls` VALUES ('6P2D1', 'F', 'Faby', '0');
INSERT INTO `gcust_cls` VALUES ('6P2P1', '1', '101', '0');
INSERT INTO `gcust_cls` VALUES ('6P2P1', '2', '102', '0');
INSERT INTO `gcust_cls` VALUES ('6P2P1', '3', '103', '0');
INSERT INTO `gcust_cls` VALUES ('6P2P1', '4', '104', '0');
INSERT INTO `gcust_cls` VALUES ('6P2P1', '5', '107', '0');
INSERT INTO `gcust_cls` VALUES ('6P2P1', '6', '108', '0');
INSERT INTO `gcust_cls` VALUES ('6P2P1', '7', '201', '0');
INSERT INTO `gcust_cls` VALUES ('6P2P1', '8', '202', '0');
INSERT INTO `gcust_cls` VALUES ('6P2P1', '9', '203', '0');
INSERT INTO `gcust_cls` VALUES ('6P2P1', '10', '204', '0');
INSERT INTO `gcust_cls` VALUES ('6P2P1', '11', '205', '0');
INSERT INTO `gcust_cls` VALUES ('6P2P1', '12', '207', '0');
INSERT INTO `gcust_cls` VALUES ('6P2P1', '13', '305', '0');
INSERT INTO `gcust_cls` VALUES ('6P2P1', '14', '306', '0');
INSERT INTO `gcust_cls` VALUES ('6P2P1', '15', '401', '0');
INSERT INTO `gcust_cls` VALUES ('6P2P1', '16', '402', '0');
INSERT INTO `gcust_cls` VALUES ('6P2P1', '17', '403', '0');
INSERT INTO `gcust_cls` VALUES ('6P2P1', '18', '檢驗', '0');
INSERT INTO `gcust_cls` VALUES ('6P2P1', '19', '208', '0');
INSERT INTO `gcust_cls` VALUES ('6P2P1', '20', '學務', '0');
INSERT INTO `gcust_cls` VALUES ('6P2P1', '21', '301', '0');
INSERT INTO `gcust_cls` VALUES ('6P2P1', '22', '小羊', '0');
INSERT INTO `gcust_cls` VALUES ('6P2P1', '23', '小兔', '0');
INSERT INTO `gcust_cls` VALUES ('6P2P1', '24', '檢', '0');
INSERT INTO `gcust_cls` VALUES ('6P2P1', '25', '303', '0');
INSERT INTO `gcust_cls` VALUES ('6P2P1', '26', '304', '0');
INSERT INTO `gcust_cls` VALUES ('6P2P1', '27', '505', '0');
INSERT INTO `gcust_cls` VALUES ('6P2P1', '28', '506', '0');
INSERT INTO `gcust_cls` VALUES ('6P2P1', '29', '603', '0');
INSERT INTO `gcust_cls` VALUES ('5A2Q1', '20', 'M', '0');
INSERT INTO `gcust_cls` VALUES ('6PK51', '9', '辦公室', '0');
INSERT INTO `gcust_cls` VALUES ('5A2G1', '18', 'K3A', '0');
INSERT INTO `gcust_cls` VALUES ('5A5B1', '8', '一B', '0');
INSERT INTO `gcust_cls` VALUES ('5A581', '1', '海豚', '0');
INSERT INTO `gcust_cls` VALUES ('5AU71', '1', '一', '0');
INSERT INTO `gcust_cls` VALUES ('5AU71', '2', '二', '0');
INSERT INTO `gcust_cls` VALUES ('5AU71', '3', '三', '0');
INSERT INTO `gcust_cls` VALUES ('5AU71', '4', '四', '0');
INSERT INTO `gcust_cls` VALUES ('5AU71', '5', '五', '0');
INSERT INTO `gcust_cls` VALUES ('5AU71', '6', '六', '0');
INSERT INTO `gcust_cls` VALUES ('5AQ71', '1', '1A', '0');
INSERT INTO `gcust_cls` VALUES ('5AQ71', '2', '1B', '0');
INSERT INTO `gcust_cls` VALUES ('5AQ71', '3', '2A', '0');
INSERT INTO `gcust_cls` VALUES ('5AQ71', '4', '4A', '0');
INSERT INTO `gcust_cls` VALUES ('5AQ71', '5', '4B', '0');
INSERT INTO `gcust_cls` VALUES ('5AQ71', '6', '6A', '0');
INSERT INTO `gcust_cls` VALUES ('5AQ71', '7', '2B', '0');
INSERT INTO `gcust_cls` VALUES ('5AQ71', '8', '5A', '0');
INSERT INTO `gcust_cls` VALUES ('5AQ71', '9', '3A', '0');
INSERT INTO `gcust_cls` VALUES ('5AQ71', '10', '贈', '0');
INSERT INTO `gcust_cls` VALUES ('5AB51', '1', '1A', '0');
INSERT INTO `gcust_cls` VALUES ('5AB51', '2', '2A', '0');
INSERT INTO `gcust_cls` VALUES ('5AB51', '3', '3A', '0');
INSERT INTO `gcust_cls` VALUES ('5AB51', '4', '4A', '0');
INSERT INTO `gcust_cls` VALUES ('5AB51', '5', '5A', '0');
INSERT INTO `gcust_cls` VALUES ('5AB51', '6', '6A', '0');
INSERT INTO `gcust_cls` VALUES ('6PK71', '7', '柳丁', '0');
INSERT INTO `gcust_cls` VALUES ('6PK71', '8', '蘋果', '0');
INSERT INTO `gcust_cls` VALUES ('6PK41', '113', '大三', '0');
INSERT INTO `gcust_cls` VALUES ('5A1W1', '44', '教務處', '0');
INSERT INTO `gcust_cls` VALUES ('6P2P1', '30', '206', '0');
INSERT INTO `gcust_cls` VALUES ('5A5V1', '1', '1', '0');
INSERT INTO `gcust_cls` VALUES ('5A5V1', '2', '2', '0');
INSERT INTO `gcust_cls` VALUES ('5A5V1', '3', '3', '0');
INSERT INTO `gcust_cls` VALUES ('5A5V1', '4', '4', '0');
INSERT INTO `gcust_cls` VALUES ('5A5V1', '5', '5', '0');
INSERT INTO `gcust_cls` VALUES ('5A5V1', '6', '6', '0');
INSERT INTO `gcust_cls` VALUES ('6P2P1', '31', '分奶', '0');
INSERT INTO `gcust_cls` VALUES ('5A2V1', '1', '一', '0');
INSERT INTO `gcust_cls` VALUES ('5A2V1', '2', '二', '0');
INSERT INTO `gcust_cls` VALUES ('5A2V1', '3', '三', '0');
INSERT INTO `gcust_cls` VALUES ('5A2V1', '4', '四', '0');
INSERT INTO `gcust_cls` VALUES ('5A2V1', '5', '五', '0');
INSERT INTO `gcust_cls` VALUES ('5A2V1', '6', '六', '0');
INSERT INTO `gcust_cls` VALUES ('5AS21', '1', '一B', '0');
INSERT INTO `gcust_cls` VALUES ('5AS21', '2', '二A', '0');
INSERT INTO `gcust_cls` VALUES ('5AS21', '3', '二B', '0');
INSERT INTO `gcust_cls` VALUES ('5AS21', '4', '三A', '0');
INSERT INTO `gcust_cls` VALUES ('5AS21', '5', '四B', '0');
INSERT INTO `gcust_cls` VALUES ('5AS21', '6', '五A', '0');
INSERT INTO `gcust_cls` VALUES ('5AS21', '7', '五B', '0');
INSERT INTO `gcust_cls` VALUES ('5A981', '1', '一', '0');
INSERT INTO `gcust_cls` VALUES ('5A3K1', '1', '1A', '0');
INSERT INTO `gcust_cls` VALUES ('5A3K1', '2', '1B', '0');
INSERT INTO `gcust_cls` VALUES ('5A3K1', '3', '2', '0');
INSERT INTO `gcust_cls` VALUES ('5A3K1', '4', '3', '0');
INSERT INTO `gcust_cls` VALUES ('5A3K1', '5', '4', '0');
INSERT INTO `gcust_cls` VALUES ('5A3K1', '6', '5', '0');
INSERT INTO `gcust_cls` VALUES ('5A3K1', '7', '6A', '0');
INSERT INTO `gcust_cls` VALUES ('5A3K1', '8', '6B', '0');
INSERT INTO `gcust_cls` VALUES ('5A3K1', '9', '7', '0');
INSERT INTO `gcust_cls` VALUES ('5A981', '2', '二', '0');
INSERT INTO `gcust_cls` VALUES ('5A981', '3', '三', '0');
INSERT INTO `gcust_cls` VALUES ('5A981', '4', '四', '0');
INSERT INTO `gcust_cls` VALUES ('5A981', '5', '五', '0');
INSERT INTO `gcust_cls` VALUES ('5AU21', '4', '四', '0');
INSERT INTO `gcust_cls` VALUES ('5AU21', '3', '三', '0');
INSERT INTO `gcust_cls` VALUES ('5AU21', '2', '二', '0');
INSERT INTO `gcust_cls` VALUES ('5AU21', '1', '一', '0');
INSERT INTO `gcust_cls` VALUES ('5AU21', '5', '五', '0');
INSERT INTO `gcust_cls` VALUES ('5A351', '6', '六', '0');
INSERT INTO `gcust_cls` VALUES ('5A351', '1', '一', '0');
INSERT INTO `gcust_cls` VALUES ('5A351', '2', '二', '0');
INSERT INTO `gcust_cls` VALUES ('5A351', '3', '三', '0');
INSERT INTO `gcust_cls` VALUES ('5A351', '4', '四', '0');
INSERT INTO `gcust_cls` VALUES ('5A351', '5', '五', '0');
INSERT INTO `gcust_cls` VALUES ('5AS61', '1', '小一', '0');
INSERT INTO `gcust_cls` VALUES ('5AS61', '2', '小二', '0');
INSERT INTO `gcust_cls` VALUES ('5AS61', '3', '小三', '0');
INSERT INTO `gcust_cls` VALUES ('5AS61', '4', '小四', '0');
INSERT INTO `gcust_cls` VALUES ('5AS61', '5', '小五', '0');
INSERT INTO `gcust_cls` VALUES ('5AS61', '6', '小六 ', '0');
INSERT INTO `gcust_cls` VALUES ('5A1K1', '1', '一', '0');
INSERT INTO `gcust_cls` VALUES ('5A1K1', '2', '二', '0');
INSERT INTO `gcust_cls` VALUES ('5A1K1', '3', '三', '0');
INSERT INTO `gcust_cls` VALUES ('5A1K1', '4', '四', '0');
INSERT INTO `gcust_cls` VALUES ('5A1K1', '5', '五', '0');
INSERT INTO `gcust_cls` VALUES ('5A1K1', '6', '六', '0');
INSERT INTO `gcust_cls` VALUES ('5A2X1', '1', '一上', '0');
INSERT INTO `gcust_cls` VALUES ('5A2X1', '2', '一下', '0');
INSERT INTO `gcust_cls` VALUES ('5A2X1', '3', '二', '0');
INSERT INTO `gcust_cls` VALUES ('5A2X1', '4', '三', '0');
INSERT INTO `gcust_cls` VALUES ('5A2X1', '5', '四', '0');
INSERT INTO `gcust_cls` VALUES ('5A2X1', '6', '五', '0');
INSERT INTO `gcust_cls` VALUES ('5A2X1', '7', '六', '0');
INSERT INTO `gcust_cls` VALUES ('5AF51', '1', '一', '0');
INSERT INTO `gcust_cls` VALUES ('5AF51', '3', '三', '0');
INSERT INTO `gcust_cls` VALUES ('5AF51', '6', '六', '0');
INSERT INTO `gcust_cls` VALUES ('5A2G1', '19', 'N1A', '0');
INSERT INTO `gcust_cls` VALUES ('5AL11', '1', '老師', '0');
INSERT INTO `gcust_cls` VALUES ('5AL11', '2', '一A', '0');
INSERT INTO `gcust_cls` VALUES ('5AL11', '3', '一B', '0');
INSERT INTO `gcust_cls` VALUES ('5AL11', '4', '二A', '0');
INSERT INTO `gcust_cls` VALUES ('5AL11', '5', '二B', '0');
INSERT INTO `gcust_cls` VALUES ('5AL11', '6', '三A', '0');
INSERT INTO `gcust_cls` VALUES ('5AL11', '7', '三B', '0');
INSERT INTO `gcust_cls` VALUES ('5AL11', '8', '四A', '0');
INSERT INTO `gcust_cls` VALUES ('5AL11', '9', '四B', '0');
INSERT INTO `gcust_cls` VALUES ('5AL11', '10', '五A', '0');
INSERT INTO `gcust_cls` VALUES ('5AL11', '11', '五B', '0');
INSERT INTO `gcust_cls` VALUES ('5AL11', '12', '六A', '0');
INSERT INTO `gcust_cls` VALUES ('5AL11', '13', '補', '0');
INSERT INTO `gcust_cls` VALUES ('5AS31', '1', '1B', '0');
INSERT INTO `gcust_cls` VALUES ('5AS31', '2', '2B', '0');
INSERT INTO `gcust_cls` VALUES ('5AS31', '3', '3B', '0');
INSERT INTO `gcust_cls` VALUES ('5AS31', '4', '4B', '0');
INSERT INTO `gcust_cls` VALUES ('5AS31', '5', '5B', '0');
INSERT INTO `gcust_cls` VALUES ('5AS31', '6', '6B', '0');
INSERT INTO `gcust_cls` VALUES ('5AS31', '7', '櫃', '0');
INSERT INTO `gcust_cls` VALUES ('5A1J1', '1', '2B', '0');
INSERT INTO `gcust_cls` VALUES ('5A1J1', '2', '2A', '0');
INSERT INTO `gcust_cls` VALUES ('5A1J1', '3', '3A', '0');
INSERT INTO `gcust_cls` VALUES ('5A1J1', '4', '4B', '0');
INSERT INTO `gcust_cls` VALUES ('5A1J1', '5', '6A', '0');
INSERT INTO `gcust_cls` VALUES ('5A1J1', '6', '1A', '0');
INSERT INTO `gcust_cls` VALUES ('5A581', '2', '企鵝', '0');
INSERT INTO `gcust_cls` VALUES ('5A581', '3', '海鷗', '0');
INSERT INTO `gcust_cls` VALUES ('5A581', '4', '海馬', '0');
INSERT INTO `gcust_cls` VALUES ('5A581', '5', '海星', '0');
INSERT INTO `gcust_cls` VALUES ('5A681', '1', '102', '0');
INSERT INTO `gcust_cls` VALUES ('5A681', '2', '201', '0');
INSERT INTO `gcust_cls` VALUES ('5A681', '3', '202', '0');
INSERT INTO `gcust_cls` VALUES ('5A681', '4', '203', '0');
INSERT INTO `gcust_cls` VALUES ('5A681', '5', '301', '0');
INSERT INTO `gcust_cls` VALUES ('5A681', '6', '302', '0');
INSERT INTO `gcust_cls` VALUES ('5A681', '7', '303', '0');
INSERT INTO `gcust_cls` VALUES ('5A681', '8', '304', '0');
INSERT INTO `gcust_cls` VALUES ('5A681', '9', '備', '0');
INSERT INTO `gcust_cls` VALUES ('5AC41', '1', '104', '0');
INSERT INTO `gcust_cls` VALUES ('5AC41', '2', '205', '0');
INSERT INTO `gcust_cls` VALUES ('5AC41', '3', '303', '0');
INSERT INTO `gcust_cls` VALUES ('5AC41', '4', '401', '0');
INSERT INTO `gcust_cls` VALUES ('5AC41', '5', '402', '0');
INSERT INTO `gcust_cls` VALUES ('5AC41', '6', '406', '0');
INSERT INTO `gcust_cls` VALUES ('5AC41', '7', '407', '0');
INSERT INTO `gcust_cls` VALUES ('5AC41', '8', 'JL-1', '0');
INSERT INTO `gcust_cls` VALUES ('5AC41', '9', 'JL-2', '0');
INSERT INTO `gcust_cls` VALUES ('5AC41', '10', 'JL-3', '0');
INSERT INTO `gcust_cls` VALUES ('5AC41', '11', 'JL-4', '0');
INSERT INTO `gcust_cls` VALUES ('5AC41', '12', 'JL-5', '0');
INSERT INTO `gcust_cls` VALUES ('5AC41', '13', '301', '0');
INSERT INTO `gcust_cls` VALUES ('5AF51', '2', '二', '0');
INSERT INTO `gcust_cls` VALUES ('5AO81', '1', '一', '0');
INSERT INTO `gcust_cls` VALUES ('5AO81', '2', '二', '0');
INSERT INTO `gcust_cls` VALUES ('5AO81', '3', '三', '0');
INSERT INTO `gcust_cls` VALUES ('5AO81', '5', '五', '0');
INSERT INTO `gcust_cls` VALUES ('5A4E1', '', '221', '0');
INSERT INTO `gcust_cls` VALUES ('5A1J1', '7', '辦', '0');
INSERT INTO `gcust_cls` VALUES ('5A881', '9', '補', '0');
INSERT INTO `gcust_cls` VALUES ('6PK41', '114', '老師', '0');
INSERT INTO `gcust_cls` VALUES ('5A4E1', '2', '223', '0');
INSERT INTO `gcust_cls` VALUES ('5A4E1', '3', '224', '0');
INSERT INTO `gcust_cls` VALUES ('5A4E1', '4', '231', '0');
INSERT INTO `gcust_cls` VALUES ('5A4E1', '5', '233', '0');
INSERT INTO `gcust_cls` VALUES ('5A1J1', '8', '6B', '0');
INSERT INTO `gcust_cls` VALUES ('5AC41', '14', '302', '0');
INSERT INTO `gcust_cls` VALUES ('6P2P1', '32', '小熊', '0');
INSERT INTO `gcust_cls` VALUES ('5A151', '1', '1A', '0');
INSERT INTO `gcust_cls` VALUES ('5A151', '2', '3A', '0');
INSERT INTO `gcust_cls` VALUES ('5A151', '3', '4A', '0');
INSERT INTO `gcust_cls` VALUES ('5A151', '4', '5A', '0');
INSERT INTO `gcust_cls` VALUES ('5A151', '5', '6A', '0');
INSERT INTO `gcust_cls` VALUES ('5AU91', '1', '一', '0');
INSERT INTO `gcust_cls` VALUES ('5AU91', '2', '二', '0');
INSERT INTO `gcust_cls` VALUES ('5AU91', '3', '三', '0');
INSERT INTO `gcust_cls` VALUES ('5AU91', '4', '四', '0');
INSERT INTO `gcust_cls` VALUES ('5AU91', '5', '五', '0');
INSERT INTO `gcust_cls` VALUES ('5AU91', '6', '六', '0');
INSERT INTO `gcust_cls` VALUES ('5AU91', '7', '櫃', '0');
INSERT INTO `gcust_cls` VALUES ('5AC21', '1', '102A', '0');
INSERT INTO `gcust_cls` VALUES ('5AC21', '2', '103A', '0');
INSERT INTO `gcust_cls` VALUES ('5AC21', '3', '103B', '0');
INSERT INTO `gcust_cls` VALUES ('5AC21', '4', '104A', '0');
INSERT INTO `gcust_cls` VALUES ('5AC21', '5', '104B', '0');
INSERT INTO `gcust_cls` VALUES ('5AC21', '6', '105A', '0');
INSERT INTO `gcust_cls` VALUES ('5AC21', '7', '105B', '0');
INSERT INTO `gcust_cls` VALUES ('5AC21', '8', '106A', '0');
INSERT INTO `gcust_cls` VALUES ('5AC21', '9', '106B', '0');
INSERT INTO `gcust_cls` VALUES ('5AC21', '11', '107B', '0');
INSERT INTO `gcust_cls` VALUES ('5AC21', '10', '107A', '0');
INSERT INTO `gcust_cls` VALUES ('5AC21', '12', '辦公室', '0');
INSERT INTO `gcust_cls` VALUES ('5A981', '6', '冰1', '0');
INSERT INTO `gcust_cls` VALUES ('5A981', '7', '冰2', '0');
INSERT INTO `gcust_cls` VALUES ('5A981', '8', '冰3', '0');
INSERT INTO `gcust_cls` VALUES ('5AN41', '1', '一', '0');
INSERT INTO `gcust_cls` VALUES ('5AN41', '2', '二', '0');
INSERT INTO `gcust_cls` VALUES ('5AN41', '3', '三', '0');
INSERT INTO `gcust_cls` VALUES ('5A4M1', '4', '四', '0');
INSERT INTO `gcust_cls` VALUES ('5AC41', '15', '207', '0');
INSERT INTO `gcust_cls` VALUES ('5A2Q1', '23', 'Jenny', '0');
INSERT INTO `gcust_cls` VALUES ('5AU71', '7', '三-1', '0');
INSERT INTO `gcust_cls` VALUES ('6P1K1', '7', '辦公室', '0');
INSERT INTO `gcust_cls` VALUES ('5AS31', '8', '203', '0');
INSERT INTO `gcust_cls` VALUES ('5AS31', '9', '205', '0');
INSERT INTO `gcust_cls` VALUES ('5AS31', '10', '101', '0');
INSERT INTO `gcust_cls` VALUES ('5AS31', '11', '102', '0');
INSERT INTO `gcust_cls` VALUES ('5AS31', '12', '201', '0');
INSERT INTO `gcust_cls` VALUES ('5AS31', '13', '業', '0');
INSERT INTO `gcust_cls` VALUES ('5AS31', '14', '202', '0');
INSERT INTO `gcust_cls` VALUES ('5A351', '7', '正音', '0');
INSERT INTO `gcust_cls` VALUES ('6PH11', '6', 'U3A', '0');
INSERT INTO `gcust_cls` VALUES ('5A4E1', '6', '234', '0');
INSERT INTO `gcust_cls` VALUES ('5AS31', '17', '正音B', '0');
INSERT INTO `gcust_cls` VALUES ('6P2D1', '16', 'P2A', '0');
INSERT INTO `gcust_cls` VALUES ('5AS31', '16', '801', '0');
INSERT INTO `gcust_cls` VALUES ('5AS31', '15', '206', '0');
INSERT INTO `gcust_cls` VALUES ('6P3T1', '1', '諾貝', '0');
INSERT INTO `gcust_cls` VALUES ('6P3T1', '2', '奧斯', '0');
INSERT INTO `gcust_cls` VALUES ('6P1V1', '10', '浣熊', '0');
INSERT INTO `gcust_cls` VALUES ('6P621', '142', '企鵝補', '0');
INSERT INTO `gcust_cls` VALUES ('6P621', '143', '斑馬補', '0');
INSERT INTO `gcust_cls` VALUES ('6P621', '144', '浣熊補', '0');
INSERT INTO `gcust_cls` VALUES ('6P621', '145', '鯨魚補', '0');
INSERT INTO `gcust_cls` VALUES ('6P621', '146', '羚羊補', '0');
INSERT INTO `gcust_cls` VALUES ('5AC21', '13', '108A', '0');
INSERT INTO `gcust_cls` VALUES ('5A2G1', '20', 'S6A', '0');
INSERT INTO `gcust_cls` VALUES ('5A4M1', '5', '五', '0');
INSERT INTO `gcust_cls` VALUES ('5A2V1', '7', '102', '0');
INSERT INTO `gcust_cls` VALUES ('5A2V1', '8', '櫃', '0');
INSERT INTO `gcust_cls` VALUES ('5A2V1', '9', '205', '0');
INSERT INTO `gcust_cls` VALUES ('6PU71', '19', '泡泡龍', '0');
INSERT INTO `gcust_cls` VALUES ('6PU71', '20', '喜羊羊', '0');
INSERT INTO `gcust_cls` VALUES ('6PU71', '21', '賓尼兔', '0');
INSERT INTO `gcust_cls` VALUES ('6PU71', '22', '汪汪隊', '0');
INSERT INTO `gcust_cls` VALUES ('6PU71', '23', '彩虹馬', '0');
INSERT INTO `gcust_cls` VALUES ('6PU71', '24', '米老鼠', '0');
INSERT INTO `gcust_cls` VALUES ('6PU71', '25', '佩佩豬', '0');
INSERT INTO `gcust_cls` VALUES ('6PU71', '26', '咕咕雞', '0');
INSERT INTO `gcust_cls` VALUES ('6PU71', '27', '巧虎', '0');
INSERT INTO `gcust_cls` VALUES ('5AA31', '1', '201', '0');
INSERT INTO `gcust_cls` VALUES ('5AA31', '2', '202', '0');
INSERT INTO `gcust_cls` VALUES ('5AA31', '3', '203', '0');
INSERT INTO `gcust_cls` VALUES ('5AA31', '4', '204', '0');
INSERT INTO `gcust_cls` VALUES ('5AA31', '5', '205', '0');
INSERT INTO `gcust_cls` VALUES ('5AA31', '6', '303', '0');
INSERT INTO `gcust_cls` VALUES ('5AA31', '7', '305', '0');
INSERT INTO `gcust_cls` VALUES ('5AA31', '8', '504', '0');
INSERT INTO `gcust_cls` VALUES ('5AA31', '9', '506', '0');
INSERT INTO `gcust_cls` VALUES ('5AF51', '4', '四', '0');
INSERT INTO `gcust_cls` VALUES ('5A3K1', '10', '2A', '0');
INSERT INTO `gcust_cls` VALUES ('5A3K1', '11', '2B', '0');
INSERT INTO `gcust_cls` VALUES ('5A3K1', '12', '6', '0');
INSERT INTO `gcust_cls` VALUES ('5A4E1', '7', '232', '0');
INSERT INTO `gcust_cls` VALUES ('6P1T1', '9', '安親', '0');
INSERT INTO `gcust_cls` VALUES ('5A5Q1', '一', '1', '0');
INSERT INTO `gcust_cls` VALUES ('5A5Q1', '二', '2', '0');
INSERT INTO `gcust_cls` VALUES ('5A5Q1', '三', '3', '0');
INSERT INTO `gcust_cls` VALUES ('5A5Q1', '四', '4', '0');
INSERT INTO `gcust_cls` VALUES ('5A5Q1', '五', '5', '0');
INSERT INTO `gcust_cls` VALUES ('5A1J1', '9', '3B', '0');
INSERT INTO `gcust_cls` VALUES ('5A1J1', '10', '4A', '0');
INSERT INTO `gcust_cls` VALUES ('5A1J1', '11', '5A', '0');
INSERT INTO `gcust_cls` VALUES ('5A2X1', '8', '二下', '0');
INSERT INTO `gcust_cls` VALUES ('5A3U1', '11', '四B', '0');
INSERT INTO `gcust_cls` VALUES ('5AS21', '9', '一A', '0');
INSERT INTO `gcust_cls` VALUES ('5AS21', '10', '6A', '0');
INSERT INTO `gcust_cls` VALUES ('5AS21', '11', '6B', '0');
INSERT INTO `gcust_cls` VALUES ('5AS21', '12', '4A', '0');
INSERT INTO `gcust_cls` VALUES ('5A151', '6', '2A', '0');
INSERT INTO `gcust_cls` VALUES ('5A981', '9', '六', '0');
INSERT INTO `gcust_cls` VALUES ('5AF51', '5', '五', '0');
INSERT INTO `gcust_cls` VALUES ('6P2P1', '34', '106', '0');
INSERT INTO `gcust_cls` VALUES ('5A581', '6', '珊瑚', '0');
INSERT INTO `gcust_cls` VALUES ('5A581', '7', '備', '0');
INSERT INTO `gcust_cls` VALUES ('6P2P1', '35', '307', '0');
INSERT INTO `gcust_cls` VALUES ('5A681', '10', '204', '0');
INSERT INTO `gcust_cls` VALUES ('5A5V1', '7', '贈', '0');
INSERT INTO `gcust_cls` VALUES ('6P4F1', '1', '毛毛', '0');
INSERT INTO `gcust_cls` VALUES ('6P4F1', '2', '蝴蝶', '0');
INSERT INTO `gcust_cls` VALUES ('6P4E1', '1', '諾貝', '0');
INSERT INTO `gcust_cls` VALUES ('6P4E1', '2', '奧A', '0');
INSERT INTO `gcust_cls` VALUES ('6P4E1', '3', '奧B', '0');
INSERT INTO `gcust_cls` VALUES ('6P4E1', '4', '雨果', '0');
INSERT INTO `gcust_cls` VALUES ('6P4E1', '5', '贈', '0');
INSERT INTO `gcust_cls` VALUES ('5AL11', '14', '六B', '0');
INSERT INTO `gcust_cls` VALUES ('5AC41', '16', '103', '0');
INSERT INTO `gcust_cls` VALUES ('5AC41', '17', '403', '0');
INSERT INTO `gcust_cls` VALUES ('5AC41', '18', 'JL-6', '0');
INSERT INTO `gcust_cls` VALUES ('5AQ71', '11', '5B', '0');
INSERT INTO `gcust_cls` VALUES ('5A1J1', '12', '5B', '0');
INSERT INTO `gcust_cls` VALUES ('5AS21', '13', '贈', '0');
INSERT INTO `gcust_cls` VALUES ('5AU71', '8', '七', '0');
INSERT INTO `gcust_cls` VALUES ('6P4E1', '6', 'A洪宸恩', '0');
INSERT INTO `gcust_cls` VALUES ('6P2P1', '36', '105', '0');
INSERT INTO `gcust_cls` VALUES ('6P2P1', '37', '507', '0');
INSERT INTO `gcust_cls` VALUES ('6P3G1', '3', '園長', '0');
INSERT INTO `gcust_cls` VALUES ('6P3G1', '4', '贈', '0');
INSERT INTO `gcust_cls` VALUES ('5AO81', '4', '四', '0');
INSERT INTO `gcust_cls` VALUES ('5AO81', '6', '六', '0');
INSERT INTO `gcust_cls` VALUES ('5A2G1', '21', 'P4A', '0');
INSERT INTO `gcust_cls` VALUES ('6P4E1', '7', '辦', '0');
INSERT INTO `gcust_cls` VALUES ('5A2Q1', '24', '老師', '0');
INSERT INTO `gcust_cls` VALUES ('6P4E1', '8', '彭宥文', '0');
INSERT INTO `gcust_cls` VALUES ('6P4E1', '9', '姜智恩', '0');
INSERT INTO `gcust_cls` VALUES ('6P4E1', '10', '王文揚', '0');
INSERT INTO `gcust_cls` VALUES ('5A2X1', '9', '一', '0');
INSERT INTO `gcust_cls` VALUES ('6P4E1', '11', '吳俊諺', '0');
INSERT INTO `gcust_cls` VALUES ('5A351', '8', '3-1', '0');
INSERT INTO `gcust_cls` VALUES ('6P1T1', '10', '補', '0');
INSERT INTO `gcust_cls` VALUES ('5A011', '001', '1忠', '0');
INSERT INTO `gcust_cls` VALUES ('5A011', '002', '1成', '0');
INSERT INTO `gcust_cls` VALUES ('5A011', '003', '2忠', '0');
INSERT INTO `gcust_cls` VALUES ('5A011', '004', '2成', '0');
INSERT INTO `gcust_cls` VALUES ('5A011', '005', '3忠', '0');
INSERT INTO `gcust_cls` VALUES ('5A011', '006', '3成', '0');
INSERT INTO `gcust_cls` VALUES ('5A011', '007', '4忠', '0');
INSERT INTO `gcust_cls` VALUES ('5A011', '008', '4成', '0');
INSERT INTO `gcust_cls` VALUES ('5A011', '009', '五', '0');
INSERT INTO `gcust_cls` VALUES ('5A011', '010', '六', '0');
INSERT INTO `gcust_cls` VALUES ('5A011', '011', '辦公室', '0');
INSERT INTO `gcust_cls` VALUES ('6PK71', '9', '芒果', '0');
INSERT INTO `gcust_cls` VALUES ('6P011', '01', '花鹿', '0');
INSERT INTO `gcust_cls` VALUES ('6P011', '02', '企鵝', '0');
INSERT INTO `gcust_cls` VALUES ('6P011', '03', '海豚', '0');
INSERT INTO `gcust_cls` VALUES ('6P011', '04', '櫻桃', '0');
INSERT INTO `gcust_cls` VALUES ('6P011', '05', '綿羊', '0');
INSERT INTO `gcust_cls` VALUES ('6P011', '06', '蜻蜓', '0');
INSERT INTO `gcust_cls` VALUES ('6P021', '01', '一年級', '0');
INSERT INTO `gcust_cls` VALUES ('6P021', '02', '二年級', '0');
INSERT INTO `gcust_cls` VALUES ('6P021', '03', '三年級', '0');
INSERT INTO `gcust_cls` VALUES ('6P021', '04', '四年級', '0');
INSERT INTO `gcust_cls` VALUES ('6P021', '05', '高年級', '0');
INSERT INTO `gcust_cls` VALUES ('5A011', '012', '美語部', '0');
INSERT INTO `gcust_cls` VALUES ('5A010', '01', '辦公室', '0');
INSERT INTO `gcust_cls` VALUES ('5AC21', '14', '205B', '0');
INSERT INTO `gcust_cls` VALUES ('6P4F1', '3', '補', '0');
INSERT INTO `gcust_cls` VALUES ('5AO81', '7', '補', '0');
INSERT INTO `gcust_cls` VALUES ('6PF51', '1', '太陽', '0');
INSERT INTO `gcust_cls` VALUES ('6PF51', '2', '月亮', '0');
INSERT INTO `gcust_cls` VALUES ('6PF51', '3', '彩虹', '0');
INSERT INTO `gcust_cls` VALUES ('6PF51', '4', '幼幼', '0');
INSERT INTO `gcust_cls` VALUES ('6P2P1', '38', '208', '0');
INSERT INTO `gcust_cls` VALUES ('6P2P1', '39', '302', '0');
INSERT INTO `gcust_cls` VALUES ('5AS21', '14', '三B', '0');
INSERT INTO `gcust_cls` VALUES ('6P4E1', '12', '補', '0');
INSERT INTO `gcust_cls` VALUES ('5AQ71', '12', '6B', '0');
INSERT INTO `gcust_cls` VALUES ('6P151', '01', '102', '0');
INSERT INTO `gcust_cls` VALUES ('6P151', '02', '103', '0');
INSERT INTO `gcust_cls` VALUES ('6P151', '03', '104', '0');
INSERT INTO `gcust_cls` VALUES ('6P151', '04', '202', '0');
INSERT INTO `gcust_cls` VALUES ('6P151', '05', '203', '0');
INSERT INTO `gcust_cls` VALUES ('6P151', '06', '204', '0');
INSERT INTO `gcust_cls` VALUES ('6P151', '07', '301', '0');
INSERT INTO `gcust_cls` VALUES ('6P151', '08', '302', '0');
INSERT INTO `gcust_cls` VALUES ('6P151', '09', '303', '0');
INSERT INTO `gcust_cls` VALUES ('6P151', '10', '602', '0');
INSERT INTO `gcust_cls` VALUES ('6P151', '11', '檢體', '0');
INSERT INTO `gcust_cls` VALUES ('6P151', '12', '201', '0');
INSERT INTO `gcust_cls` VALUES ('6P151', '13', '401', '0');
INSERT INTO `gcust_cls` VALUES ('6P151', '14', '501', '0');
INSERT INTO `gcust_cls` VALUES ('6P151', '15', '403', '0');
INSERT INTO `gcust_cls` VALUES ('6P151', '16', '502', '0');
INSERT INTO `gcust_cls` VALUES ('6P151', '17', '402', '0');
INSERT INTO `gcust_cls` VALUES ('6P2P1', '40', '天使', '0');
INSERT INTO `gcust_cls` VALUES ('5A4J1', '8', '贈', '0');
INSERT INTO `gcust_cls` VALUES ('5AU71', '9', '一-1', '0');
INSERT INTO `gcust_cls` VALUES ('5AB51', '7', '補', '0');
INSERT INTO `gcust_cls` VALUES ('5A101', '102', 'BBBB', '0');
INSERT INTO `gcust_cls` VALUES ('6PX91', '100', '棒棒班', '10');
INSERT INTO `gcust_cls` VALUES ('6P701', '109', '紅羅伯', '20');
INSERT INTO `gcust_cls` VALUES ('5A4P1', '101', '草莓班', '0');
INSERT INTO `gcust_cls` VALUES ('5A4E1', '300', '海豚班', '0');
INSERT INTO `gcust_cls` VALUES ('5A4E1', '301', '花豹班', '0');
INSERT INTO `gcust_cls` VALUES ('5A4P1', '102', '檸檬班', '0');
INSERT INTO `gcust_cls` VALUES ('5A4P1', '103', '薰衣草班', '0');
INSERT INTO `gcust_cls` VALUES ('5A6C1', '01', '小檸檬', '0');
INSERT INTO `gcust_cls` VALUES ('5A6C1', '02', '小草莓', '0');
INSERT INTO `gcust_cls` VALUES ('5A6C1', '03', '小西瓜', '0');
INSERT INTO `gcust_cls` VALUES ('5AW51', '001', '小斑馬', '0');
INSERT INTO `gcust_cls` VALUES ('5AW51', '002', '粉紅豬', '0');
INSERT INTO `gcust_cls` VALUES ('5AW51', '003', '小花朵', '0');
INSERT INTO `gcust_cls` VALUES ('6PJ51', '001', 'KFC', '0');
INSERT INTO `gcust_cls` VALUES ('6PH21', '001', '棒棒班', '0');
INSERT INTO `gcust_cls` VALUES ('6PH21', '002', '檸檬班', '0');
INSERT INTO `gcust_cls` VALUES ('6PH21', '003', '小蘋果', '0');
INSERT INTO `gcust_cls` VALUES ('5A011', '013', '資訊部', '0');

-- ----------------------------
-- Table structure for gcust_gprod
-- ----------------------------
DROP TABLE IF EXISTS `gcust_gprod`;
CREATE TABLE `gcust_gprod` (
  `marea_id` varchar(6) COLLATE utf8mb4_unicode_ci NOT NULL,
  `gprod_id` varchar(4) COLLATE utf8mb4_unicode_ci NOT NULL,
  `gprod_name` varchar(10) COLLATE utf8mb4_unicode_ci DEFAULT NULL
) ENGINE=InnoDB DEFAULT CHARSET=utf8mb4 COLLATE=utf8mb4_unicode_ci;

-- ----------------------------
-- Records of gcust_gprod
-- ----------------------------
INSERT INTO `gcust_gprod` VALUES ('5A010', 'A00', '熱羊乳');
INSERT INTO `gcust_gprod` VALUES ('5A011', 'A00', '熱羊乳');
INSERT INTO `gcust_gprod` VALUES ('5A011', 'B01', '冰酪乳');
INSERT INTO `gcust_gprod` VALUES ('5A011', 'G00', '熱低脂');
INSERT INTO `gcust_gprod` VALUES ('5A011', 'G01', '冰低脂');
INSERT INTO `gcust_gprod` VALUES ('5A052', 'A00', '熱羊乳');
INSERT INTO `gcust_gprod` VALUES ('5A052', 'A01', '冰羊乳');
INSERT INTO `gcust_gprod` VALUES ('5A061', 'A01', '冰羊乳');
INSERT INTO `gcust_gprod` VALUES ('5A081', 'A00', '熱羊乳');
INSERT INTO `gcust_gprod` VALUES ('5A101', 'A00', '熱羊乳');
INSERT INTO `gcust_gprod` VALUES ('5A121', 'A01', '冰羊乳');
INSERT INTO `gcust_gprod` VALUES ('5A121', 'B01', '冰酪乳');
INSERT INTO `gcust_gprod` VALUES ('5A151', 'A01', '冰羊乳');
INSERT INTO `gcust_gprod` VALUES ('5A151', 'B01', '冰酪乳');
INSERT INTO `gcust_gprod` VALUES ('5A151', 'G01', '冰低脂');
INSERT INTO `gcust_gprod` VALUES ('5A161', 'A00', '熱羊乳');
INSERT INTO `gcust_gprod` VALUES ('5A1G1', 'A00', '熱羊乳');
INSERT INTO `gcust_gprod` VALUES ('5A1H1', 'A01', '冰羊乳');
INSERT INTO `gcust_gprod` VALUES ('5A1J1', 'A01', '冰羊乳');
INSERT INTO `gcust_gprod` VALUES ('5A1K1', 'A01', '冰羊乳');
INSERT INTO `gcust_gprod` VALUES ('5A1K1', 'B01', '冰酪乳');
INSERT INTO `gcust_gprod` VALUES ('5A1K1', 'G01', '冰低脂');
INSERT INTO `gcust_gprod` VALUES ('5A1P1', 'A01', '冰羊乳');
INSERT INTO `gcust_gprod` VALUES ('5A1P1', 'B01', '冰酪乳');
INSERT INTO `gcust_gprod` VALUES ('5A1S1', 'A00', '熱羊乳');
INSERT INTO `gcust_gprod` VALUES ('5A1S1', 'B01', '冰酪乳');
INSERT INTO `gcust_gprod` VALUES ('5A1W1', 'A00', '熱羊乳');
INSERT INTO `gcust_gprod` VALUES ('5A1W1', 'A01', '冰羊乳');
INSERT INTO `gcust_gprod` VALUES ('5A1W1', 'B01', '冰酪乳');
INSERT INTO `gcust_gprod` VALUES ('5A231', 'A00', '熱羊乳');
INSERT INTO `gcust_gprod` VALUES ('5A231', 'A01', '冰羊乳');
INSERT INTO `gcust_gprod` VALUES ('5A231', 'B01', '冰酪乳');
INSERT INTO `gcust_gprod` VALUES ('5A231', 'G00', '熱低脂');
INSERT INTO `gcust_gprod` VALUES ('5A261', 'A01', '冰羊乳');
INSERT INTO `gcust_gprod` VALUES ('5A2D1', 'A01', '冰羊乳');
INSERT INTO `gcust_gprod` VALUES ('5A2D1', 'B01', '冰酪乳');
INSERT INTO `gcust_gprod` VALUES ('5A2D1', 'G01', '冰低脂');
INSERT INTO `gcust_gprod` VALUES ('5A2F1', 'B01', '冰酪乳');
INSERT INTO `gcust_gprod` VALUES ('5A2F1', 'C01', '冰新鮮');
INSERT INTO `gcust_gprod` VALUES ('5A2G1', 'B01', '冰酪乳');
INSERT INTO `gcust_gprod` VALUES ('5A2G1', 'C01', '冰新鮮');
INSERT INTO `gcust_gprod` VALUES ('5A2M1', 'A00', '熱羊乳');
INSERT INTO `gcust_gprod` VALUES ('5A2P1', 'A01', '冰羊乳');
INSERT INTO `gcust_gprod` VALUES ('5A2P1', 'B01', '冰酪乳');
INSERT INTO `gcust_gprod` VALUES ('5A2Q1', 'A00', '熱羊乳');
INSERT INTO `gcust_gprod` VALUES ('5A2Q1', 'A01', '冰羊乳');
INSERT INTO `gcust_gprod` VALUES ('5A2Q1', 'B01', '冰酪乳');
INSERT INTO `gcust_gprod` VALUES ('5A2Q1', 'G01', '冰低脂');
INSERT INTO `gcust_gprod` VALUES ('5A2R1', 'A01', '冰羊乳');
INSERT INTO `gcust_gprod` VALUES ('5A2V1', 'A01', '冰羊乳');
INSERT INTO `gcust_gprod` VALUES ('5A2V1', 'B01', '冰酪乳');
INSERT INTO `gcust_gprod` VALUES ('5A2X1', 'A00', '熱羊乳');
INSERT INTO `gcust_gprod` VALUES ('5A2X1', 'A01', '冰羊乳');
INSERT INTO `gcust_gprod` VALUES ('5A2X1', 'B01', '冰酪乳');
INSERT INTO `gcust_gprod` VALUES ('5A2Y1', 'A00', '熱羊乳');
INSERT INTO `gcust_gprod` VALUES ('5A2Y1', 'A01', '冰羊乳');
INSERT INTO `gcust_gprod` VALUES ('5A2Y1', 'B01', '冰酪乳');
INSERT INTO `gcust_gprod` VALUES ('5A301', 'A01', '冰羊乳');
INSERT INTO `gcust_gprod` VALUES ('5A301', 'B01', '冰酪乳');
INSERT INTO `gcust_gprod` VALUES ('5A351', 'A01', '冰羊乳');
INSERT INTO `gcust_gprod` VALUES ('5A351', 'B01', '冰酪乳');
INSERT INTO `gcust_gprod` VALUES ('5A361', 'A00', '熱羊乳');
INSERT INTO `gcust_gprod` VALUES ('5A361', 'A01', '冰羊乳');
INSERT INTO `gcust_gprod` VALUES ('5A361', 'B01', '冰酪乳');
INSERT INTO `gcust_gprod` VALUES ('5A3A1', 'A01', '冰羊乳');
INSERT INTO `gcust_gprod` VALUES ('5A3A1', 'B01', '冰酪乳');
INSERT INTO `gcust_gprod` VALUES ('5A3B1', 'A00', '熱羊乳');
INSERT INTO `gcust_gprod` VALUES ('5A3B1', 'B01', '冰酪乳');
INSERT INTO `gcust_gprod` VALUES ('5A3E1', 'A00', '熱羊乳');
INSERT INTO `gcust_gprod` VALUES ('5A3E1', 'B01', '冰酪乳');
INSERT INTO `gcust_gprod` VALUES ('5A3F1', 'A00', '熱羊乳');
INSERT INTO `gcust_gprod` VALUES ('5A3F1', 'B01', '冰酪乳');
INSERT INTO `gcust_gprod` VALUES ('5A3G1', 'A00', '熱羊乳');
INSERT INTO `gcust_gprod` VALUES ('5A3G1', 'B01', '冰酪乳');
INSERT INTO `gcust_gprod` VALUES ('5A3K1', 'A00', '熱羊乳');
INSERT INTO `gcust_gprod` VALUES ('5A3K1', 'A01', '冰羊乳');
INSERT INTO `gcust_gprod` VALUES ('5A3K1', 'B01', '冰酪乳');
INSERT INTO `gcust_gprod` VALUES ('5A3K1', 'G00', '熱低脂');
INSERT INTO `gcust_gprod` VALUES ('5A3K1', 'G01', '冰低脂');
INSERT INTO `gcust_gprod` VALUES ('5A3N1', 'A00', '熱羊乳');
INSERT INTO `gcust_gprod` VALUES ('5A3R1', 'A00', '熱羊乳');
INSERT INTO `gcust_gprod` VALUES ('5A3R1', 'B01', '冰酪乳');
INSERT INTO `gcust_gprod` VALUES ('5A3R1', 'G00', '熱低脂');
INSERT INTO `gcust_gprod` VALUES ('5A3S1', 'A00', '熱羊乳');
INSERT INTO `gcust_gprod` VALUES ('5A3U1', 'A01', '冰羊乳');
INSERT INTO `gcust_gprod` VALUES ('5A3U1', 'B01', '冰酪乳');
INSERT INTO `gcust_gprod` VALUES ('5A3V1', 'A01', '冰羊乳');
INSERT INTO `gcust_gprod` VALUES ('5A3X1', 'A00', '熱羊乳');
INSERT INTO `gcust_gprod` VALUES ('5A3X1', 'B01', '冰酪乳');
INSERT INTO `gcust_gprod` VALUES ('5A3Y1', 'A00', '熱羊乳');
INSERT INTO `gcust_gprod` VALUES ('5A3Y1', 'B01', '冰酪乳');
INSERT INTO `gcust_gprod` VALUES ('5A401', 'A00', '熱羊乳');
INSERT INTO `gcust_gprod` VALUES ('5A401', 'A01', '冰羊乳');
INSERT INTO `gcust_gprod` VALUES ('5A441', 'A01', '冰羊乳');
INSERT INTO `gcust_gprod` VALUES ('5A491', 'A01', '冰羊乳');
INSERT INTO `gcust_gprod` VALUES ('5A491', 'B01', '冰酪乳');
INSERT INTO `gcust_gprod` VALUES ('5A4E1', 'A01', '冰羊乳');
INSERT INTO `gcust_gprod` VALUES ('5A4E1', 'B01', '冰酪乳');
INSERT INTO `gcust_gprod` VALUES ('5A4J1', 'A00', '熱羊乳');
INSERT INTO `gcust_gprod` VALUES ('5A4J1', 'B01', '冰酪乳');
INSERT INTO `gcust_gprod` VALUES ('5A4J1', 'G00', '熱低脂');
INSERT INTO `gcust_gprod` VALUES ('5A4K1', 'A01', '冰羊乳');
INSERT INTO `gcust_gprod` VALUES ('5A4K1', 'B01', '冰酪乳');
INSERT INTO `gcust_gprod` VALUES ('5A4M1', 'A00', '熱羊乳');
INSERT INTO `gcust_gprod` VALUES ('5A4M1', 'A01', '冰羊乳');
INSERT INTO `gcust_gprod` VALUES ('5A4M1', 'B01', '冰酪乳');
INSERT INTO `gcust_gprod` VALUES ('5A4P1', 'A01', '冰羊乳');
INSERT INTO `gcust_gprod` VALUES ('5A4S1', 'A00', '熱羊乳');
INSERT INTO `gcust_gprod` VALUES ('5A4S1', 'G00', '熱低脂');
INSERT INTO `gcust_gprod` VALUES ('5A4T1', 'A01', '冰羊乳');
INSERT INTO `gcust_gprod` VALUES ('5A4T1', 'B01', '冰酪乳');
INSERT INTO `gcust_gprod` VALUES ('5A4U1', 'A01', '冰羊乳');
INSERT INTO `gcust_gprod` VALUES ('5A4U1', 'B01', '冰酪乳');
INSERT INTO `gcust_gprod` VALUES ('5A4Y1', 'A00', '熱羊乳');
INSERT INTO `gcust_gprod` VALUES ('5A4Y1', 'A01', '冰羊乳');
INSERT INTO `gcust_gprod` VALUES ('5A4Y1', 'B01', '冰酪乳');
INSERT INTO `gcust_gprod` VALUES ('5A521', 'A00', '熱羊乳');
INSERT INTO `gcust_gprod` VALUES ('5A541', 'A00', '熱羊乳');
INSERT INTO `gcust_gprod` VALUES ('5A581', 'A01', '冰羊乳');
INSERT INTO `gcust_gprod` VALUES ('5A581', 'B01', '冰酪乳');
INSERT INTO `gcust_gprod` VALUES ('5A5A1', 'A00', '熱羊乳');
INSERT INTO `gcust_gprod` VALUES ('5A5A1', 'B01', '冰酪乳');
INSERT INTO `gcust_gprod` VALUES ('5A5A1', 'G00', '熱低脂');
INSERT INTO `gcust_gprod` VALUES ('5A5B1', 'A00', '熱羊乳');
INSERT INTO `gcust_gprod` VALUES ('5A5B1', 'B01', '冰酪乳');
INSERT INTO `gcust_gprod` VALUES ('5A5H1', 'A00', '熱羊乳');
INSERT INTO `gcust_gprod` VALUES ('5A5H1', 'B01', '冰酪乳');
INSERT INTO `gcust_gprod` VALUES ('5A5J1', 'A00', '熱羊乳');
INSERT INTO `gcust_gprod` VALUES ('5A5J1', 'A01', '冰羊乳');
INSERT INTO `gcust_gprod` VALUES ('5A5J1', 'B01', '冰酪乳');
INSERT INTO `gcust_gprod` VALUES ('5A5L1', 'A01', '冰羊乳');
INSERT INTO `gcust_gprod` VALUES ('5A5L1', 'B01', '冰酪乳');
INSERT INTO `gcust_gprod` VALUES ('5A5M1', 'A01', '冰羊乳');
INSERT INTO `gcust_gprod` VALUES ('5A5M1', 'B01', '冰酪乳');
INSERT INTO `gcust_gprod` VALUES ('5A5M1', 'G01', '冰低脂');
INSERT INTO `gcust_gprod` VALUES ('5A5N1', 'A00', '熱羊乳');
INSERT INTO `gcust_gprod` VALUES ('5A5N1', 'A01', '冰羊乳');
INSERT INTO `gcust_gprod` VALUES ('5A5N1', 'G00', '熱低脂');
INSERT INTO `gcust_gprod` VALUES ('5A5N1', 'G01', '冰低脂');
INSERT INTO `gcust_gprod` VALUES ('5A5P1', 'A00', '熱羊乳');
INSERT INTO `gcust_gprod` VALUES ('5A5P1', 'A01', '冰羊乳');
INSERT INTO `gcust_gprod` VALUES ('5A5Q1', 'A00', '熱羊乳');
INSERT INTO `gcust_gprod` VALUES ('5A5Q1', 'A01', '冰羊乳');
INSERT INTO `gcust_gprod` VALUES ('5A5Q1', 'B01', '冰酪乳');
INSERT INTO `gcust_gprod` VALUES ('5A5R1', 'A00', '熱羊乳');
INSERT INTO `gcust_gprod` VALUES ('5A5R1', 'B01', '冰酪乳');
INSERT INTO `gcust_gprod` VALUES ('5A5T1', 'A01', '冰羊乳');
INSERT INTO `gcust_gprod` VALUES ('5A5V1', 'A01', '冰羊乳');
INSERT INTO `gcust_gprod` VALUES ('5A5V1', 'B01', '冰酪乳');
INSERT INTO `gcust_gprod` VALUES ('5A621', 'A00', '熱羊乳');
INSERT INTO `gcust_gprod` VALUES ('5A671', 'A00', '熱羊乳');
INSERT INTO `gcust_gprod` VALUES ('5A681', 'A00', '熱羊乳');
INSERT INTO `gcust_gprod` VALUES ('5A681', 'B01', '冰酪乳');
INSERT INTO `gcust_gprod` VALUES ('5A691', 'A00', '熱羊乳');
INSERT INTO `gcust_gprod` VALUES ('5A691', 'B01', '冰酪乳');
INSERT INTO `gcust_gprod` VALUES ('5A6C1', 'A00', '熱羊乳');
INSERT INTO `gcust_gprod` VALUES ('5A6C1', 'B01', '冰酪乳');
INSERT INTO `gcust_gprod` VALUES ('5A6C1', 'G00', '熱低脂');
INSERT INTO `gcust_gprod` VALUES ('5A6D1', 'A00', '熱羊乳');
INSERT INTO `gcust_gprod` VALUES ('5A6D1', 'B01', '冰酪乳');
INSERT INTO `gcust_gprod` VALUES ('5A6G1', 'A01', '冰羊乳');
INSERT INTO `gcust_gprod` VALUES ('5A6G1', 'B01', '冰酪乳');
INSERT INTO `gcust_gprod` VALUES ('5A6H1', 'A00', '熱羊乳');
INSERT INTO `gcust_gprod` VALUES ('5A6H1', 'A01', '冰羊乳');
INSERT INTO `gcust_gprod` VALUES ('5A6H1', 'B01', '冰酪乳');
INSERT INTO `gcust_gprod` VALUES ('5A6J1', 'A00', '熱羊乳');
INSERT INTO `gcust_gprod` VALUES ('5A6J1', 'A01', '冰羊乳');
INSERT INTO `gcust_gprod` VALUES ('5A6J1', 'B01', '冰酪乳');
INSERT INTO `gcust_gprod` VALUES ('5A6K1', 'A00', '熱羊乳');
INSERT INTO `gcust_gprod` VALUES ('5A6L1', 'A00', '熱羊乳');
INSERT INTO `gcust_gprod` VALUES ('5A6L1', 'B01', '冰酪乳');
INSERT INTO `gcust_gprod` VALUES ('5A6M1', 'A00', '熱羊乳');
INSERT INTO `gcust_gprod` VALUES ('5A6M1', 'B01', '冰酪乳');
INSERT INTO `gcust_gprod` VALUES ('5A701', 'A00', '熱羊乳');
INSERT INTO `gcust_gprod` VALUES ('5A701', 'B01', '冰酪乳');
INSERT INTO `gcust_gprod` VALUES ('5A701', 'G00', '熱低脂');
INSERT INTO `gcust_gprod` VALUES ('5A811', 'A00', '熱羊乳');
INSERT INTO `gcust_gprod` VALUES ('5A811', 'B01', '冰酪乳');
INSERT INTO `gcust_gprod` VALUES ('5A851', 'A01', '冰羊乳');
INSERT INTO `gcust_gprod` VALUES ('5A851', 'B01', '冰酪乳');
INSERT INTO `gcust_gprod` VALUES ('5A881', 'A00', '熱羊乳');
INSERT INTO `gcust_gprod` VALUES ('5A881', 'A01', '冰羊乳');
INSERT INTO `gcust_gprod` VALUES ('5A881', 'B01', '冰酪乳');
INSERT INTO `gcust_gprod` VALUES ('5A881', 'G00', '熱低脂');
INSERT INTO `gcust_gprod` VALUES ('5A8M1', 'A00', '熱羊乳');
INSERT INTO `gcust_gprod` VALUES ('5A901', 'A00', '熱羊乳');
INSERT INTO `gcust_gprod` VALUES ('5A901', 'A01', '冰羊乳');
INSERT INTO `gcust_gprod` VALUES ('5A941', 'A01', '冰羊乳');
INSERT INTO `gcust_gprod` VALUES ('5A941', 'B01', '冰酪乳');
INSERT INTO `gcust_gprod` VALUES ('5A981', 'A01', '冰羊乳');
INSERT INTO `gcust_gprod` VALUES ('5A981', 'B01', '冰酪乳');
INSERT INTO `gcust_gprod` VALUES ('5A991', 'A00', '熱羊乳');
INSERT INTO `gcust_gprod` VALUES ('5A991', 'B01', '冰酪乳');
INSERT INTO `gcust_gprod` VALUES ('5A991', 'G00', '熱低脂');
INSERT INTO `gcust_gprod` VALUES ('5AA11', 'A01', '冰羊乳');
INSERT INTO `gcust_gprod` VALUES ('5AA31', 'A00', '熱羊乳');
INSERT INTO `gcust_gprod` VALUES ('5AA31', 'B01', '冰酪乳');
INSERT INTO `gcust_gprod` VALUES ('5AA41', 'A01', '冰羊乳');
INSERT INTO `gcust_gprod` VALUES ('5AA41', 'B01', '冰酪乳');
INSERT INTO `gcust_gprod` VALUES ('5AA81', 'A00', '熱羊乳');
INSERT INTO `gcust_gprod` VALUES ('5AA81', 'A01', '冰羊乳');
INSERT INTO `gcust_gprod` VALUES ('5AA81', 'B01', '冰酪乳');
INSERT INTO `gcust_gprod` VALUES ('5AA81', 'G01', '冰低脂');
INSERT INTO `gcust_gprod` VALUES ('5AAE1', 'A01', '冰羊乳');
INSERT INTO `gcust_gprod` VALUES ('5AAL1', 'B01', '冰酪乳');
INSERT INTO `gcust_gprod` VALUES ('5AAL1', 'C00', '熱新鮮');
INSERT INTO `gcust_gprod` VALUES ('5AAQ1', 'A00', '熱羊乳');
INSERT INTO `gcust_gprod` VALUES ('5AAR1', 'A00', '熱羊乳');
INSERT INTO `gcust_gprod` VALUES ('5AAR1', 'A01', '冰羊乳');
INSERT INTO `gcust_gprod` VALUES ('5AAR1', 'B01', '冰酪乳');
INSERT INTO `gcust_gprod` VALUES ('5AAT1', 'A00', '熱羊乳');
INSERT INTO `gcust_gprod` VALUES ('5AAT1', 'B01', '冰酪乳');
INSERT INTO `gcust_gprod` VALUES ('5AB11', 'A00', '熱羊乳');
INSERT INTO `gcust_gprod` VALUES ('5AB51', 'A00', '熱羊乳');
INSERT INTO `gcust_gprod` VALUES ('5AB51', 'A01', '冰羊乳');
INSERT INTO `gcust_gprod` VALUES ('5AB51', 'B01', '冰酪乳');
INSERT INTO `gcust_gprod` VALUES ('5AB51', 'G01', '冰低脂');
INSERT INTO `gcust_gprod` VALUES ('5AB71', 'A00', '熱羊乳');
INSERT INTO `gcust_gprod` VALUES ('5AC11', 'A01', '冰羊乳');
INSERT INTO `gcust_gprod` VALUES ('5AC11', 'B01', '冰酪乳');
INSERT INTO `gcust_gprod` VALUES ('5AC21', 'A01', '冰羊乳');
INSERT INTO `gcust_gprod` VALUES ('5AC21', 'B01', '冰酪乳');
INSERT INTO `gcust_gprod` VALUES ('5AC31', 'A01', '冰羊乳');
INSERT INTO `gcust_gprod` VALUES ('5AC41', 'B01', '冰酪乳');
INSERT INTO `gcust_gprod` VALUES ('5AC41', 'C00', '熱新鮮');
INSERT INTO `gcust_gprod` VALUES ('5AD11', 'A00', '熱羊乳');
INSERT INTO `gcust_gprod` VALUES ('5AD21', 'A01', '冰羊乳');
INSERT INTO `gcust_gprod` VALUES ('5AD21', 'B01', '冰酪乳');
INSERT INTO `gcust_gprod` VALUES ('5AD21', 'G01', '冰低脂');
INSERT INTO `gcust_gprod` VALUES ('5AD81', 'A01', '冰羊乳');
INSERT INTO `gcust_gprod` VALUES ('5AD81', 'B01', '冰酪乳');
INSERT INTO `gcust_gprod` VALUES ('5AE41', 'A01', '冰羊乳');
INSERT INTO `gcust_gprod` VALUES ('5AE41', 'B01', '冰酪乳');
INSERT INTO `gcust_gprod` VALUES ('5AE71', 'A01', '冰羊乳');
INSERT INTO `gcust_gprod` VALUES ('5AE71', 'B01', '冰酪乳');
INSERT INTO `gcust_gprod` VALUES ('5AE71', 'G01', '冰低脂');
INSERT INTO `gcust_gprod` VALUES ('5AF51', 'A00', '熱羊乳');
INSERT INTO `gcust_gprod` VALUES ('5AF51', 'B01', '冰酪乳');
INSERT INTO `gcust_gprod` VALUES ('5AF51', 'G00', '熱低脂');
INSERT INTO `gcust_gprod` VALUES ('5AG11', 'A00', '熱羊乳');
INSERT INTO `gcust_gprod` VALUES ('5AG41', 'A00', '熱羊乳');
INSERT INTO `gcust_gprod` VALUES ('5AG41', 'B01', '冰酪乳');
INSERT INTO `gcust_gprod` VALUES ('5AH91', 'A00', '熱羊乳');
INSERT INTO `gcust_gprod` VALUES ('5AH91', 'B01', '冰酪乳');
INSERT INTO `gcust_gprod` VALUES ('5AJ61', 'A01', '冰羊乳');
INSERT INTO `gcust_gprod` VALUES ('5AK11', 'A00', '熱羊乳');
INSERT INTO `gcust_gprod` VALUES ('5AK71', 'A00', '熱羊乳');
INSERT INTO `gcust_gprod` VALUES ('5AL11', 'A00', '熱羊乳');
INSERT INTO `gcust_gprod` VALUES ('5AL11', 'A01', '冰羊乳');
INSERT INTO `gcust_gprod` VALUES ('5AL11', 'B01', '冰酪乳');
INSERT INTO `gcust_gprod` VALUES ('5AL41', 'A00', '熱羊乳');
INSERT INTO `gcust_gprod` VALUES ('5AL41', 'A01', '冰羊乳');
INSERT INTO `gcust_gprod` VALUES ('5AL41', 'B01', '冰酪乳');
INSERT INTO `gcust_gprod` VALUES ('5AL61', 'A00', '熱羊乳');
INSERT INTO `gcust_gprod` VALUES ('5AL61', 'A01', '冰羊乳');
INSERT INTO `gcust_gprod` VALUES ('5AM11', 'A00', '熱羊乳');
INSERT INTO `gcust_gprod` VALUES ('5AM11', 'A01', '冰羊乳');
INSERT INTO `gcust_gprod` VALUES ('5AM11', 'B01', '冰酪乳');
INSERT INTO `gcust_gprod` VALUES ('5AM61', 'A01', '冰羊乳');
INSERT INTO `gcust_gprod` VALUES ('5AM61', 'B01', '冰酪乳');
INSERT INTO `gcust_gprod` VALUES ('5AN11', 'A00', '熱羊乳');
INSERT INTO `gcust_gprod` VALUES ('5AN11', 'B01', '冰酪乳');
INSERT INTO `gcust_gprod` VALUES ('5AN41', 'A01', '冰羊乳');
INSERT INTO `gcust_gprod` VALUES ('5AO81', 'A01', '冰羊乳');
INSERT INTO `gcust_gprod` VALUES ('5AO81', 'B01', '冰酪乳');
INSERT INTO `gcust_gprod` VALUES ('5AP31', 'A00', '熱羊乳');
INSERT INTO `gcust_gprod` VALUES ('5AP61', 'A00', '熱羊乳');
INSERT INTO `gcust_gprod` VALUES ('5AQ41', 'A00', '熱羊乳');
INSERT INTO `gcust_gprod` VALUES ('5AQ71', 'A00', '熱羊乳');
INSERT INTO `gcust_gprod` VALUES ('5AQ71', 'A01', '冰羊乳');
INSERT INTO `gcust_gprod` VALUES ('5AQ71', 'B01', '冰酪乳');
INSERT INTO `gcust_gprod` VALUES ('5AQ91', 'A01', '冰羊乳');
INSERT INTO `gcust_gprod` VALUES ('5AQ91', 'B01', '冰酪乳');
INSERT INTO `gcust_gprod` VALUES ('5AR51', 'A01', '冰羊乳');
INSERT INTO `gcust_gprod` VALUES ('5AR51', 'B01', '冰酪乳');
INSERT INTO `gcust_gprod` VALUES ('5AR51', 'G01', '冰低脂');
INSERT INTO `gcust_gprod` VALUES ('5AS21', 'A00', '熱羊乳');
INSERT INTO `gcust_gprod` VALUES ('5AS21', 'B01', '冰酪乳');
INSERT INTO `gcust_gprod` VALUES ('5AS31', 'A01', '冰羊乳');
INSERT INTO `gcust_gprod` VALUES ('5AS31', 'B01', '冰酪乳');
INSERT INTO `gcust_gprod` VALUES ('5AS61', 'A00', '熱羊乳');
INSERT INTO `gcust_gprod` VALUES ('5AS61', 'A01', '冰羊乳');
INSERT INTO `gcust_gprod` VALUES ('5AS61', 'B01', '冰酪乳');
INSERT INTO `gcust_gprod` VALUES ('5AT11', 'A00', '熱羊乳');
INSERT INTO `gcust_gprod` VALUES ('5AT11', 'A01', '冰羊乳');
INSERT INTO `gcust_gprod` VALUES ('5AT21', 'A00', '熱羊乳');
INSERT INTO `gcust_gprod` VALUES ('5AT61', 'A01', '冰羊乳');
INSERT INTO `gcust_gprod` VALUES ('5AU11', 'A00', '熱羊乳');
INSERT INTO `gcust_gprod` VALUES ('5AU21', 'A01', '冰羊乳');
INSERT INTO `gcust_gprod` VALUES ('5AU21', 'B01', '冰酪乳');
INSERT INTO `gcust_gprod` VALUES ('5AU71', 'A00', '熱羊乳');
INSERT INTO `gcust_gprod` VALUES ('5AU71', 'A01', '冰羊乳');
INSERT INTO `gcust_gprod` VALUES ('5AU71', 'B01', '冰酪乳');
INSERT INTO `gcust_gprod` VALUES ('5AU91', 'A00', '熱羊乳');
INSERT INTO `gcust_gprod` VALUES ('5AU91', 'C00', '熱新鮮');
INSERT INTO `gcust_gprod` VALUES ('5AV11', 'B01', '冰酪乳');
INSERT INTO `gcust_gprod` VALUES ('5AV11', 'C00', '熱新鮮');
INSERT INTO `gcust_gprod` VALUES ('5AV11', 'G00', '熱低脂');
INSERT INTO `gcust_gprod` VALUES ('5AV41', 'B01', '冰酪乳');
INSERT INTO `gcust_gprod` VALUES ('5AV41', 'C00', '熱新鮮');
INSERT INTO `gcust_gprod` VALUES ('5AV41', 'G00', '熱低脂');
INSERT INTO `gcust_gprod` VALUES ('5AV81', 'A00', '熱羊乳');
INSERT INTO `gcust_gprod` VALUES ('5AW51', 'A01', '冰羊乳');
INSERT INTO `gcust_gprod` VALUES ('5AW61', 'A01', '冰羊乳');
INSERT INTO `gcust_gprod` VALUES ('5AW71', 'A00', '熱羊乳');
INSERT INTO `gcust_gprod` VALUES ('5AW81', 'A00', '熱羊乳');
INSERT INTO `gcust_gprod` VALUES ('5AZ41', 'A00', '熱羊乳');
INSERT INTO `gcust_gprod` VALUES ('5AZ41', 'B01', '冰酪乳');
INSERT INTO `gcust_gprod` VALUES ('5AZ51', 'A00', '熱羊乳');
INSERT INTO `gcust_gprod` VALUES ('5AZ61', 'A01', '冰羊乳');
INSERT INTO `gcust_gprod` VALUES ('5AZ61', 'B01', '冰酪乳');
INSERT INTO `gcust_gprod` VALUES ('5AZ91', 'A00', '熱羊乳');
INSERT INTO `gcust_gprod` VALUES ('5H171', 'B01', '冰酪乳');
INSERT INTO `gcust_gprod` VALUES ('5H181', 'A00', '熱羊乳');
INSERT INTO `gcust_gprod` VALUES ('5H181', 'B01', '冰酪乳');
INSERT INTO `gcust_gprod` VALUES ('5H191', 'A00', '熱羊乳');
INSERT INTO `gcust_gprod` VALUES ('6P011', 'A00', '熱羊乳');
INSERT INTO `gcust_gprod` VALUES ('6P011', 'B01', '冰酪乳');
INSERT INTO `gcust_gprod` VALUES ('6P021', 'A00', '熱羊乳');
INSERT INTO `gcust_gprod` VALUES ('6P051', 'A00', '熱羊乳');
INSERT INTO `gcust_gprod` VALUES ('6P051', 'B01', '冰酪乳');
INSERT INTO `gcust_gprod` VALUES ('6P071', 'A00', '熱羊乳');
INSERT INTO `gcust_gprod` VALUES ('6P081', 'A00', '熱羊乳');
INSERT INTO `gcust_gprod` VALUES ('6P131', 'A00', '熱羊乳');
INSERT INTO `gcust_gprod` VALUES ('6P131', 'B01', '冰酪乳');
INSERT INTO `gcust_gprod` VALUES ('6P141', 'A00', '熱羊乳');
INSERT INTO `gcust_gprod` VALUES ('6P141', 'B01', '冰酪乳');
INSERT INTO `gcust_gprod` VALUES ('6P141', 'C00', '熱新鮮');
INSERT INTO `gcust_gprod` VALUES ('6P151', 'B01', '冰酪乳');
INSERT INTO `gcust_gprod` VALUES ('6P151', 'C00', '熱新鮮');
INSERT INTO `gcust_gprod` VALUES ('6P151', 'C01', '冰新鮮');
INSERT INTO `gcust_gprod` VALUES ('6P151', 'G00', '熱低脂');
INSERT INTO `gcust_gprod` VALUES ('6P161', 'A01', '冰羊乳');
INSERT INTO `gcust_gprod` VALUES ('6P161', 'G01', '冰低脂');
INSERT INTO `gcust_gprod` VALUES ('6P181', 'A00', '熱羊乳');
INSERT INTO `gcust_gprod` VALUES ('6P191', 'A00', '熱羊乳');
INSERT INTO `gcust_gprod` VALUES ('6P191', 'B01', '冰酪乳');
INSERT INTO `gcust_gprod` VALUES ('6P1D1', 'A00', '熱羊乳');
INSERT INTO `gcust_gprod` VALUES ('6P1F1', 'A00', '熱羊乳');
INSERT INTO `gcust_gprod` VALUES ('6P1F1', 'B01', '冰酪乳');
INSERT INTO `gcust_gprod` VALUES ('6P1F1', 'G00', '熱低脂');
INSERT INTO `gcust_gprod` VALUES ('6P1H1', 'A00', '熱羊乳');
INSERT INTO `gcust_gprod` VALUES ('6P1K1', 'A00', '熱羊乳');
INSERT INTO `gcust_gprod` VALUES ('6P1L1', 'A00', '熱羊乳');
INSERT INTO `gcust_gprod` VALUES ('6P1M1', 'A00', '熱羊乳');
INSERT INTO `gcust_gprod` VALUES ('6P1M1', 'B01', '冰酪乳');
INSERT INTO `gcust_gprod` VALUES ('6P1P1', 'A00', '熱羊乳');
INSERT INTO `gcust_gprod` VALUES ('6P1P1', 'B01', '冰酪乳');
INSERT INTO `gcust_gprod` VALUES ('6P1S1', 'A00', '熱羊乳');
INSERT INTO `gcust_gprod` VALUES ('6P1T1', 'A00', '熱羊乳');
INSERT INTO `gcust_gprod` VALUES ('6P1T1', 'B01', '冰酪乳');
INSERT INTO `gcust_gprod` VALUES ('6P1V1', 'A00', '熱羊乳');
INSERT INTO `gcust_gprod` VALUES ('6P221', 'A00', '熱羊乳');
INSERT INTO `gcust_gprod` VALUES ('6P221', 'A01', '冰羊乳');
INSERT INTO `gcust_gprod` VALUES ('6P221', 'B01', '冰酪乳');
INSERT INTO `gcust_gprod` VALUES ('6P231', 'A00', '熱羊乳');
INSERT INTO `gcust_gprod` VALUES ('6P231', 'B01', '冰酪乳');
INSERT INTO `gcust_gprod` VALUES ('6P261', 'A00', '熱羊乳');
INSERT INTO `gcust_gprod` VALUES ('6P271', 'A00', '熱羊乳');
INSERT INTO `gcust_gprod` VALUES ('6P2B1', 'C00', '熱新鮮');
INSERT INTO `gcust_gprod` VALUES ('6P2C1', 'A00', '熱羊乳');
INSERT INTO `gcust_gprod` VALUES ('6P2D1', 'A00', '熱羊乳');
INSERT INTO `gcust_gprod` VALUES ('6P2D1', 'B01', '冰酪乳');
INSERT INTO `gcust_gprod` VALUES ('6P2G1', 'A00', '熱羊乳');
INSERT INTO `gcust_gprod` VALUES ('6P2H1', 'A00', '熱羊乳');
INSERT INTO `gcust_gprod` VALUES ('6P2J1', 'A00', '熱羊乳');
INSERT INTO `gcust_gprod` VALUES ('6P2K1', 'A00', '熱羊乳');
INSERT INTO `gcust_gprod` VALUES ('6P2M1', 'A00', '熱羊乳');
INSERT INTO `gcust_gprod` VALUES ('6P2P1', 'A01', '冰羊乳');
INSERT INTO `gcust_gprod` VALUES ('6P2P1', 'C01', '冰新鮮');
INSERT INTO `gcust_gprod` VALUES ('6P2Q1', 'A00', '熱羊乳');
INSERT INTO `gcust_gprod` VALUES ('6P311', 'A00', '熱羊乳');
INSERT INTO `gcust_gprod` VALUES ('6P361', 'A00', '熱羊乳');
INSERT INTO `gcust_gprod` VALUES ('6P3F1', 'A00', '熱羊乳');
INSERT INTO `gcust_gprod` VALUES ('6P3G1', 'A00', '熱羊乳');
INSERT INTO `gcust_gprod` VALUES ('6P3H1', 'A00', '熱羊乳');
INSERT INTO `gcust_gprod` VALUES ('6P3H1', 'B01', '冰酪乳');
INSERT INTO `gcust_gprod` VALUES ('6P3J1', 'A00', '熱羊乳');
INSERT INTO `gcust_gprod` VALUES ('6P3J1', 'B01', '冰酪乳');
INSERT INTO `gcust_gprod` VALUES ('6P3T1', 'A00', '熱羊乳');
INSERT INTO `gcust_gprod` VALUES ('6P401', 'A00', '熱羊乳');
INSERT INTO `gcust_gprod` VALUES ('6P401', 'B01', '冰酪乳');
INSERT INTO `gcust_gprod` VALUES ('6P471', 'A00', '熱羊乳');
INSERT INTO `gcust_gprod` VALUES ('6P471', 'B01', '冰酪乳');
INSERT INTO `gcust_gprod` VALUES ('6P481', 'A00', '熱羊乳');
INSERT INTO `gcust_gprod` VALUES ('6P4B1', 'A00', '熱羊乳');
INSERT INTO `gcust_gprod` VALUES ('6P4B1', 'G00', '熱低脂');
INSERT INTO `gcust_gprod` VALUES ('6P4E1', 'A00', '熱羊乳');
INSERT INTO `gcust_gprod` VALUES ('6P4E1', 'B01', '冰酪乳');
INSERT INTO `gcust_gprod` VALUES ('6P4F1', 'A00', '熱羊乳');
INSERT INTO `gcust_gprod` VALUES ('6P4F1', 'B01', '冰酪乳');
INSERT INTO `gcust_gprod` VALUES ('6P501', 'C00', '熱新鮮');
INSERT INTO `gcust_gprod` VALUES ('6P511', 'A00', '熱羊乳');
INSERT INTO `gcust_gprod` VALUES ('6P521', 'A00', '熱羊乳');
INSERT INTO `gcust_gprod` VALUES ('6P551', 'A00', '熱羊乳');
INSERT INTO `gcust_gprod` VALUES ('6P551', 'B01', '冰酪乳');
INSERT INTO `gcust_gprod` VALUES ('6P561', 'A00', '熱羊乳');
INSERT INTO `gcust_gprod` VALUES ('6P561', 'B01', '冰酪乳');
INSERT INTO `gcust_gprod` VALUES ('6P571', 'B01', '冰酪乳');
INSERT INTO `gcust_gprod` VALUES ('6P571', 'C00', '熱新鮮');
INSERT INTO `gcust_gprod` VALUES ('6P581', 'A00', '熱羊乳');
INSERT INTO `gcust_gprod` VALUES ('6P581', 'B01', '冰酪乳');
INSERT INTO `gcust_gprod` VALUES ('6P591', 'A00', '熱羊乳');
INSERT INTO `gcust_gprod` VALUES ('6P5A1', 'B01', '冰酪乳');
INSERT INTO `gcust_gprod` VALUES ('6P5A1', 'C00', '熱新鮮');
INSERT INTO `gcust_gprod` VALUES ('6P611', 'A00', '熱羊乳');
INSERT INTO `gcust_gprod` VALUES ('6P611', 'B01', '冰酪乳');
INSERT INTO `gcust_gprod` VALUES ('6P621', 'A00', '熱羊乳');
INSERT INTO `gcust_gprod` VALUES ('6P621', 'B01', '冰酪乳');
INSERT INTO `gcust_gprod` VALUES ('6P631', 'A00', '熱羊乳');
INSERT INTO `gcust_gprod` VALUES ('6P671', 'A00', '熱羊乳');
INSERT INTO `gcust_gprod` VALUES ('6P681', 'A00', '熱羊乳');
INSERT INTO `gcust_gprod` VALUES ('6P691', 'A00', '熱羊乳');
INSERT INTO `gcust_gprod` VALUES ('6P6A1', 'A00', '熱羊乳');
INSERT INTO `gcust_gprod` VALUES ('6P6A1', 'B01', '冰酪乳');
INSERT INTO `gcust_gprod` VALUES ('6P6B1', 'A00', '熱羊乳');
INSERT INTO `gcust_gprod` VALUES ('6P6B1', 'B01', '冰酪乳');
INSERT INTO `gcust_gprod` VALUES ('6P701', 'A00', '熱羊乳');
INSERT INTO `gcust_gprod` VALUES ('6P701', 'B01', '冰酪乳');
INSERT INTO `gcust_gprod` VALUES ('6P761', 'A00', '熱羊乳');
INSERT INTO `gcust_gprod` VALUES ('6P761', 'B01', '冰酪乳');
INSERT INTO `gcust_gprod` VALUES ('6P791', 'A00', '熱羊乳');
INSERT INTO `gcust_gprod` VALUES ('6P791', 'B01', '冰酪乳');
INSERT INTO `gcust_gprod` VALUES ('6P7C1', 'A00', '熱羊乳');
INSERT INTO `gcust_gprod` VALUES ('6P7D1', 'A00', '熱羊乳');
INSERT INTO `gcust_gprod` VALUES ('6P7D1', 'B01', '冰酪乳');
INSERT INTO `gcust_gprod` VALUES ('6P811', 'A00', '熱羊乳');
INSERT INTO `gcust_gprod` VALUES ('6P811', 'B01', '冰酪乳');
INSERT INTO `gcust_gprod` VALUES ('6P921', 'A00', '熱羊乳');
INSERT INTO `gcust_gprod` VALUES ('6P921', 'B01', '冰酪乳');
INSERT INTO `gcust_gprod` VALUES ('6P931', 'A00', '熱羊乳');
INSERT INTO `gcust_gprod` VALUES ('6P931', 'B01', '冰酪乳');
INSERT INTO `gcust_gprod` VALUES ('6P981', 'A00', '熱羊乳');
INSERT INTO `gcust_gprod` VALUES ('6PA31', 'A00', '熱羊乳');
INSERT INTO `gcust_gprod` VALUES ('6PB81', 'A00', '熱羊乳');
INSERT INTO `gcust_gprod` VALUES ('6PC41', 'A00', '熱羊乳');
INSERT INTO `gcust_gprod` VALUES ('6PC71', 'A00', '熱羊乳');
INSERT INTO `gcust_gprod` VALUES ('6PC81', 'A00', '熱羊乳');
INSERT INTO `gcust_gprod` VALUES ('6PC81', 'B01', '冰酪乳');
INSERT INTO `gcust_gprod` VALUES ('6PE51', 'A00', '熱羊乳');
INSERT INTO `gcust_gprod` VALUES ('6PE51', 'B01', '冰酪乳');
INSERT INTO `gcust_gprod` VALUES ('6PF21', 'A00', '熱羊乳');
INSERT INTO `gcust_gprod` VALUES ('6PF21', 'C00', '熱新鮮');
INSERT INTO `gcust_gprod` VALUES ('6PF51', 'A00', '熱羊乳');
INSERT INTO `gcust_gprod` VALUES ('6PF61', 'A00', '熱羊乳');
INSERT INTO `gcust_gprod` VALUES ('6PF71', 'A00', '熱羊乳');
INSERT INTO `gcust_gprod` VALUES ('6PF71', 'A01', '冰羊乳');
INSERT INTO `gcust_gprod` VALUES ('6PF81', 'A00', '熱羊乳');
INSERT INTO `gcust_gprod` VALUES ('6PF91', 'A00', '熱羊乳');
INSERT INTO `gcust_gprod` VALUES ('6PF91', 'B01', '冰酪乳');
INSERT INTO `gcust_gprod` VALUES ('6PF91', 'G00', '熱低脂');
INSERT INTO `gcust_gprod` VALUES ('6PG21', 'A00', '熱羊乳');
INSERT INTO `gcust_gprod` VALUES ('6PG21', 'A01', '冰羊乳');
INSERT INTO `gcust_gprod` VALUES ('6PG41', 'A00', '熱羊乳');
INSERT INTO `gcust_gprod` VALUES ('6PG51', 'A00', '熱羊乳');
INSERT INTO `gcust_gprod` VALUES ('6PG71', 'A00', '熱羊乳');
INSERT INTO `gcust_gprod` VALUES ('6PG71', 'B01', '冰酪乳');
INSERT INTO `gcust_gprod` VALUES ('6PG91', 'A00', '熱羊乳');
INSERT INTO `gcust_gprod` VALUES ('6PH11', 'A00', '熱羊乳');
INSERT INTO `gcust_gprod` VALUES ('6PH11', 'B01', '冰酪乳');
INSERT INTO `gcust_gprod` VALUES ('6PH21', 'A00', '熱羊乳');
INSERT INTO `gcust_gprod` VALUES ('6PH51', 'A00', '熱羊乳');
INSERT INTO `gcust_gprod` VALUES ('6PH51', 'A01', '冰羊乳');
INSERT INTO `gcust_gprod` VALUES ('6PH51', 'B01', '冰酪乳');
INSERT INTO `gcust_gprod` VALUES ('6PH71', 'A01', '冰羊乳');
INSERT INTO `gcust_gprod` VALUES ('6PH81', 'A00', '熱羊乳');
INSERT INTO `gcust_gprod` VALUES ('6PI61', 'A00', '熱羊乳');
INSERT INTO `gcust_gprod` VALUES ('6PI61', 'B01', '冰酪乳');
INSERT INTO `gcust_gprod` VALUES ('6PI81', 'A00', '熱羊乳');
INSERT INTO `gcust_gprod` VALUES ('6PI81', 'B01', '冰酪乳');
INSERT INTO `gcust_gprod` VALUES ('6PI91', 'A00', '熱羊乳');
INSERT INTO `gcust_gprod` VALUES ('6PI91', 'B01', '冰酪乳');
INSERT INTO `gcust_gprod` VALUES ('6PJ51', 'A00', '熱羊乳');
INSERT INTO `gcust_gprod` VALUES ('6PJ61', 'A00', '熱羊乳');
INSERT INTO `gcust_gprod` VALUES ('6PJ61', 'A01', '冰羊乳');
INSERT INTO `gcust_gprod` VALUES ('6PJ61', 'B01', '冰酪乳');
INSERT INTO `gcust_gprod` VALUES ('6PK41', 'A00', '熱羊乳');
INSERT INTO `gcust_gprod` VALUES ('6PK41', 'A01', '冰羊乳');
INSERT INTO `gcust_gprod` VALUES ('6PK51', 'A00', '熱羊乳');
INSERT INTO `gcust_gprod` VALUES ('6PK51', 'B01', '冰酪乳');
INSERT INTO `gcust_gprod` VALUES ('6PK61', 'A00', '熱羊乳');
INSERT INTO `gcust_gprod` VALUES ('6PK61', 'B01', '冰酪乳');
INSERT INTO `gcust_gprod` VALUES ('6PK71', 'A00', '熱羊乳');
INSERT INTO `gcust_gprod` VALUES ('6PK71', 'B01', '冰酪乳');
INSERT INTO `gcust_gprod` VALUES ('6PL61', 'A00', '熱羊乳');
INSERT INTO `gcust_gprod` VALUES ('6PL61', 'B01', '冰酪乳');
INSERT INTO `gcust_gprod` VALUES ('6PL71', 'B01', '冰酪乳');
INSERT INTO `gcust_gprod` VALUES ('6PL71', 'C01', '冰新鮮');
INSERT INTO `gcust_gprod` VALUES ('6PL81', 'A00', '熱羊乳');
INSERT INTO `gcust_gprod` VALUES ('6PL81', 'B01', '冰酪乳');
INSERT INTO `gcust_gprod` VALUES ('6PM11', 'A00', '熱羊乳');
INSERT INTO `gcust_gprod` VALUES ('6PM11', 'B01', '冰酪乳');
INSERT INTO `gcust_gprod` VALUES ('6PM11', 'G00', '熱低脂');
INSERT INTO `gcust_gprod` VALUES ('6PM21', 'B01', '冰酪乳');
INSERT INTO `gcust_gprod` VALUES ('6PM31', 'A00', '熱羊乳');
INSERT INTO `gcust_gprod` VALUES ('6PM41', 'A00', '熱羊乳');
INSERT INTO `gcust_gprod` VALUES ('6PM41', 'A01', '冰羊乳');
INSERT INTO `gcust_gprod` VALUES ('6PM71', 'A00', '熱羊乳');
INSERT INTO `gcust_gprod` VALUES ('6PM71', 'A01', '冰羊乳');
INSERT INTO `gcust_gprod` VALUES ('6PM71', 'B01', '冰酪乳');
INSERT INTO `gcust_gprod` VALUES ('6PM81', 'B01', '冰酪乳');
INSERT INTO `gcust_gprod` VALUES ('6PM81', 'C01', '冰新鮮');
INSERT INTO `gcust_gprod` VALUES ('6PN11', 'A00', '熱羊乳');
INSERT INTO `gcust_gprod` VALUES ('6PN31', 'A00', '熱羊乳');
INSERT INTO `gcust_gprod` VALUES ('6PN41', 'A00', '熱羊乳');
INSERT INTO `gcust_gprod` VALUES ('6PN41', 'B01', '冰酪乳');
INSERT INTO `gcust_gprod` VALUES ('6PN61', 'A00', '熱羊乳');
INSERT INTO `gcust_gprod` VALUES ('6PN71', 'A00', '熱羊乳');
INSERT INTO `gcust_gprod` VALUES ('6PN91', 'A00', '熱羊乳');
INSERT INTO `gcust_gprod` VALUES ('6PN91', 'B01', '冰酪乳');
INSERT INTO `gcust_gprod` VALUES ('6PP41', 'A00', '熱羊乳');
INSERT INTO `gcust_gprod` VALUES ('6PP41', 'B01', '冰酪乳');
INSERT INTO `gcust_gprod` VALUES ('6PP71', 'A00', '熱羊乳');
INSERT INTO `gcust_gprod` VALUES ('6PP81', 'A00', '熱羊乳');
INSERT INTO `gcust_gprod` VALUES ('6PP81', 'B01', '冰酪乳');
INSERT INTO `gcust_gprod` VALUES ('6PQ11', 'A00', '熱羊乳');
INSERT INTO `gcust_gprod` VALUES ('6PQ11', 'B01', '冰酪乳');
INSERT INTO `gcust_gprod` VALUES ('6PQ21', 'A00', '熱羊乳');
INSERT INTO `gcust_gprod` VALUES ('6PQ21', 'G00', '熱低脂');
INSERT INTO `gcust_gprod` VALUES ('6PQ31', 'B01', '冰酪乳');
INSERT INTO `gcust_gprod` VALUES ('6PQ31', 'C00', '熱新鮮');
INSERT INTO `gcust_gprod` VALUES ('6PQ41', 'B01', '冰酪乳');
INSERT INTO `gcust_gprod` VALUES ('6PQ41', 'C01', '冰新鮮');
INSERT INTO `gcust_gprod` VALUES ('6PQ61', 'A00', '熱羊乳');
INSERT INTO `gcust_gprod` VALUES ('6PQ71', 'A00', '熱羊乳');
INSERT INTO `gcust_gprod` VALUES ('6PQ71', 'A01', '冰羊乳');
INSERT INTO `gcust_gprod` VALUES ('6PQ81', 'A00', '熱羊乳');
INSERT INTO `gcust_gprod` VALUES ('6PQ81', 'B01', '冰酪乳');
INSERT INTO `gcust_gprod` VALUES ('6PR21', 'A00', '熱羊乳');
INSERT INTO `gcust_gprod` VALUES ('6PR41', 'A00', '熱羊乳');
INSERT INTO `gcust_gprod` VALUES ('6PR51', 'A00', '熱羊乳');
INSERT INTO `gcust_gprod` VALUES ('6PR51', 'B01', '冰酪乳');
INSERT INTO `gcust_gprod` VALUES ('6PR71', 'A00', '熱羊乳');
INSERT INTO `gcust_gprod` VALUES ('6PS21', 'A00', '熱羊乳');
INSERT INTO `gcust_gprod` VALUES ('6PS21', 'B01', '冰酪乳');
INSERT INTO `gcust_gprod` VALUES ('6PS61', 'A00', '熱羊乳');
INSERT INTO `gcust_gprod` VALUES ('6PS91', 'A00', '熱羊乳');
INSERT INTO `gcust_gprod` VALUES ('6PT21', 'A00', '熱羊乳');
INSERT INTO `gcust_gprod` VALUES ('6PT41', 'A00', '熱羊乳');
INSERT INTO `gcust_gprod` VALUES ('6PT61', 'A00', '熱羊乳');
INSERT INTO `gcust_gprod` VALUES ('6PT61', 'A01', '冰羊乳');
INSERT INTO `gcust_gprod` VALUES ('6PT61', 'G00', '熱低脂');
INSERT INTO `gcust_gprod` VALUES ('6PT71', 'A00', '熱羊乳');
INSERT INTO `gcust_gprod` VALUES ('6PT81', 'A00', '熱羊乳');
INSERT INTO `gcust_gprod` VALUES ('6PU11', 'A00', '熱羊乳');
INSERT INTO `gcust_gprod` VALUES ('6PU21', 'A00', '熱羊乳');
INSERT INTO `gcust_gprod` VALUES ('6PU51', 'A00', '熱羊乳');
INSERT INTO `gcust_gprod` VALUES ('6PU71', 'A00', '熱羊乳');
INSERT INTO `gcust_gprod` VALUES ('6PU71', 'B01', '冰酪乳');
INSERT INTO `gcust_gprod` VALUES ('6PU71', 'G00', '熱低脂');
INSERT INTO `gcust_gprod` VALUES ('6PU81', 'A00', '熱羊乳');
INSERT INTO `gcust_gprod` VALUES ('6PV21', 'A00', '熱羊乳');
INSERT INTO `gcust_gprod` VALUES ('6PV41', 'B01', '冰酪乳');
INSERT INTO `gcust_gprod` VALUES ('6PV41', 'C01', '冰新鮮');
INSERT INTO `gcust_gprod` VALUES ('6PV61', 'A00', '熱羊乳');
INSERT INTO `gcust_gprod` VALUES ('6PV81', 'A00', '熱羊乳');
INSERT INTO `gcust_gprod` VALUES ('6PW11', 'A00', '熱羊乳');
INSERT INTO `gcust_gprod` VALUES ('6PW41', 'A00', '熱羊乳');
INSERT INTO `gcust_gprod` VALUES ('6PW41', 'A01', '冰羊乳');
INSERT INTO `gcust_gprod` VALUES ('6PW61', 'A00', '熱羊乳');
INSERT INTO `gcust_gprod` VALUES ('6PW81', 'A00', '熱羊乳');
INSERT INTO `gcust_gprod` VALUES ('6PW81', 'A01', '冰羊乳');
INSERT INTO `gcust_gprod` VALUES ('6PX21', 'A00', '熱羊乳');
INSERT INTO `gcust_gprod` VALUES ('6PX21', 'A01', '冰羊乳');
INSERT INTO `gcust_gprod` VALUES ('6PX21', 'B01', '冰酪乳');
INSERT INTO `gcust_gprod` VALUES ('6PX41', 'A00', '熱羊乳');
INSERT INTO `gcust_gprod` VALUES ('6PX51', 'A00', '熱羊乳');
INSERT INTO `gcust_gprod` VALUES ('6PX51', 'G00', '熱低脂');
INSERT INTO `gcust_gprod` VALUES ('6PX61', 'A00', '熱羊乳');
INSERT INTO `gcust_gprod` VALUES ('6PX61', 'B01', '冰酪乳');
INSERT INTO `gcust_gprod` VALUES ('6PX61', 'G00', '熱低脂');
INSERT INTO `gcust_gprod` VALUES ('6PX91', 'A00', '熱羊乳');
INSERT INTO `gcust_gprod` VALUES ('6PY11', 'A00', '熱羊乳');
INSERT INTO `gcust_gprod` VALUES ('6PY21', 'A01', '冰羊乳');
INSERT INTO `gcust_gprod` VALUES ('5A010', 'A01', null);
INSERT INTO `gcust_gprod` VALUES ('5A4Y1', 'G00', null);
INSERT INTO `gcust_gprod` VALUES ('5A4Y1', 'G01', null);
INSERT INTO `gcust_gprod` VALUES ('5A3E1', 'C00', null);
INSERT INTO `gcust_gprod` VALUES ('5A1K1', 'A00', null);
INSERT INTO `gcust_gprod` VALUES ('5A010', 'B01', null);
INSERT INTO `gcust_gprod` VALUES ('5A052', 'B01', null);

-- ----------------------------
-- Table structure for gcust_rest
-- ----------------------------
DROP TABLE IF EXISTS `gcust_rest`;
CREATE TABLE `gcust_rest` (
  `marea_id` varchar(6) COLLATE utf8mb4_unicode_ci NOT NULL,
  `rest_id` varchar(2) COLLATE utf8mb4_unicode_ci NOT NULL,
  `rest_name` varchar(60) COLLATE utf8mb4_unicode_ci DEFAULT NULL
) ENGINE=InnoDB DEFAULT CHARSET=utf8mb4 COLLATE=utf8mb4_unicode_ci;

-- ----------------------------
-- Records of gcust_rest
-- ----------------------------
INSERT INTO `gcust_rest` VALUES ('5A061', '0', '公家休');
INSERT INTO `gcust_rest` VALUES ('5A081', '0', '公家休');
INSERT INTO `gcust_rest` VALUES ('5A101', '0', '公家休');
INSERT INTO `gcust_rest` VALUES ('5A121', '0', '公家休');
INSERT INTO `gcust_rest` VALUES ('5A151', '0', '公家休');
INSERT INTO `gcust_rest` VALUES ('5A161', '0', '公家休');
INSERT INTO `gcust_rest` VALUES ('5A231', '0', '公家休');
INSERT INTO `gcust_rest` VALUES ('5A261', '0', '公家休');
INSERT INTO `gcust_rest` VALUES ('5A301', '0', '公家休');
INSERT INTO `gcust_rest` VALUES ('5A351', '0', '公家休');
INSERT INTO `gcust_rest` VALUES ('5A351', 'K', '週1,3,4送');
INSERT INTO `gcust_rest` VALUES ('5A4K1', '0', '公家休');
INSERT INTO `gcust_rest` VALUES ('5A361', '0', '公家休');
INSERT INTO `gcust_rest` VALUES ('5A401', '0', '公家休');
INSERT INTO `gcust_rest` VALUES ('5A491', '0', '公家休');
INSERT INTO `gcust_rest` VALUES ('5A521', '0', '公家休');
INSERT INTO `gcust_rest` VALUES ('5A541', '0', '公家休');
INSERT INTO `gcust_rest` VALUES ('5A581', '0', '公家休');
INSERT INTO `gcust_rest` VALUES ('5AB51', '0', '公家休');
INSERT INTO `gcust_rest` VALUES ('5A621', '0', '公家休');
INSERT INTO `gcust_rest` VALUES ('6P231', '0', '公家休');
INSERT INTO `gcust_rest` VALUES ('5A901', '0', '公家休');
INSERT INTO `gcust_rest` VALUES ('5A981', '0', '公家休');
INSERT INTO `gcust_rest` VALUES ('5A991', '0', '公家休');
INSERT INTO `gcust_rest` VALUES ('5AA31', '0', '公家休');
INSERT INTO `gcust_rest` VALUES ('5AA41', '0', '公家休');
INSERT INTO `gcust_rest` VALUES ('5AC11', '0', '公家休');
INSERT INTO `gcust_rest` VALUES ('5AC21', '0', '公家休');
INSERT INTO `gcust_rest` VALUES ('5AC41', '0', '公家休');
INSERT INTO `gcust_rest` VALUES ('5AD21', '0', '公家休');
INSERT INTO `gcust_rest` VALUES ('5AE41', '0', '公家休');
INSERT INTO `gcust_rest` VALUES ('5AE71', '0', '公家休');
INSERT INTO `gcust_rest` VALUES ('5AF51', '0', '公家休');
INSERT INTO `gcust_rest` VALUES ('5AF51', 'T', '星期2.4送');
INSERT INTO `gcust_rest` VALUES ('6PX51', '0', '公家休');
INSERT INTO `gcust_rest` VALUES ('5AG41', '0', '公家休');
INSERT INTO `gcust_rest` VALUES ('5AH91', '0', '公家休');
INSERT INTO `gcust_rest` VALUES ('5AJ61', '0', '公家休');
INSERT INTO `gcust_rest` VALUES ('5AK11', '0', '公家休');
INSERT INTO `gcust_rest` VALUES ('5AK71', '0', '公家休');
INSERT INTO `gcust_rest` VALUES ('5AL11', '0', '公家休');
INSERT INTO `gcust_rest` VALUES ('6P2B1', '0', '公家休');
INSERT INTO `gcust_rest` VALUES ('5AAT1', '0', '公家休');
INSERT INTO `gcust_rest` VALUES ('5AL41', 'M', '週1,3,5送');
INSERT INTO `gcust_rest` VALUES ('5AL61', '0', '公家休');
INSERT INTO `gcust_rest` VALUES ('5AM11', '0', '公家休');
INSERT INTO `gcust_rest` VALUES ('5AN11', '0', '公家休');
INSERT INTO `gcust_rest` VALUES ('5AN41', 'G', '固送星期一');
INSERT INTO `gcust_rest` VALUES ('5AO81', '0', '公家休');
INSERT INTO `gcust_rest` VALUES ('5H171', 'Y', '週2.4.5送');
INSERT INTO `gcust_rest` VALUES ('5H181', 'Y', '週2.4.5送');
INSERT INTO `gcust_rest` VALUES ('6P051', '0', '公家休');
INSERT INTO `gcust_rest` VALUES ('6P071', '0', '公家休');
INSERT INTO `gcust_rest` VALUES ('6P081', '0', '公家休');
INSERT INTO `gcust_rest` VALUES ('6P131', '0', '公家休');
INSERT INTO `gcust_rest` VALUES ('6P181', '0', '公家休');
INSERT INTO `gcust_rest` VALUES ('6P191', '0', '公家休');
INSERT INTO `gcust_rest` VALUES ('6P621', '0', '公家休');
INSERT INTO `gcust_rest` VALUES ('6P611', '0', '公家休');
INSERT INTO `gcust_rest` VALUES ('6P221', '0', '公家休');
INSERT INTO `gcust_rest` VALUES ('6P261', '0', '公家休');
INSERT INTO `gcust_rest` VALUES ('6P271', '0', '公家休');
INSERT INTO `gcust_rest` VALUES ('6P311', '0', '公家休');
INSERT INTO `gcust_rest` VALUES ('6P361', '0', '公家休');
INSERT INTO `gcust_rest` VALUES ('6PW81', '0', '公家休');
INSERT INTO `gcust_rest` VALUES ('5AC31', '0', '公家休');
INSERT INTO `gcust_rest` VALUES ('6P401', '0', '公家休');
INSERT INTO `gcust_rest` VALUES ('6P471', '0', '公家休');
INSERT INTO `gcust_rest` VALUES ('6P481', '0', '公家休');
INSERT INTO `gcust_rest` VALUES ('6P501', '0', '公家休');
INSERT INTO `gcust_rest` VALUES ('6P521', '0', '公家休');
INSERT INTO `gcust_rest` VALUES ('6P551', '0', '公家休');
INSERT INTO `gcust_rest` VALUES ('6P561', '0', '公家休');
INSERT INTO `gcust_rest` VALUES ('6P571', '0', '公家休');
INSERT INTO `gcust_rest` VALUES ('6P581', '0', '公家休');
INSERT INTO `gcust_rest` VALUES ('6P591', '0', '公家休');
INSERT INTO `gcust_rest` VALUES ('6P681', '0', '公家休');
INSERT INTO `gcust_rest` VALUES ('6P691', 'M', '週1,3,5送');
INSERT INTO `gcust_rest` VALUES ('6P701', '0', '公家休');
INSERT INTO `gcust_rest` VALUES ('6P761', '0', '公家休');
INSERT INTO `gcust_rest` VALUES ('6P791', '0', '公家休');
INSERT INTO `gcust_rest` VALUES ('6P811', '0', '公家休');
INSERT INTO `gcust_rest` VALUES ('5AZ41', '0', '公家休');
INSERT INTO `gcust_rest` VALUES ('6P931', '0', '公家休');
INSERT INTO `gcust_rest` VALUES ('6P981', '0', '公家休');
INSERT INTO `gcust_rest` VALUES ('5A2R1', '0', '公家休');
INSERT INTO `gcust_rest` VALUES ('6PB81', '0', '公家休');
INSERT INTO `gcust_rest` VALUES ('6PB81', 'M', '週1,3,5送');
INSERT INTO `gcust_rest` VALUES ('6PC41', '0', '公家休');
INSERT INTO `gcust_rest` VALUES ('6PC81', '0', '公家休');
INSERT INTO `gcust_rest` VALUES ('6PE51', '0', '公家休');
INSERT INTO `gcust_rest` VALUES ('6PF21', '0', '公家休');
INSERT INTO `gcust_rest` VALUES ('6PF61', '0', '公家休');
INSERT INTO `gcust_rest` VALUES ('6PF71', '0', '公家休');
INSERT INTO `gcust_rest` VALUES ('6PF81', '0', '公家休');
INSERT INTO `gcust_rest` VALUES ('6PF91', '0', '公家休');
INSERT INTO `gcust_rest` VALUES ('5A881', 'F', '固休星期五');
INSERT INTO `gcust_rest` VALUES ('5AA81', '0', '公家休');
INSERT INTO `gcust_rest` VALUES ('5AU71', '0', '公家休');
INSERT INTO `gcust_rest` VALUES ('6PW41', '0', '公家休');
INSERT INTO `gcust_rest` VALUES ('5AB51', 'M', '週1,3,5送');
INSERT INTO `gcust_rest` VALUES ('6PG21', '0', '公家休');
INSERT INTO `gcust_rest` VALUES ('6PX21', '0', '公家休');
INSERT INTO `gcust_rest` VALUES ('6PG41', '0', '公家休');
INSERT INTO `gcust_rest` VALUES ('6PG51', '0', '公家休');
INSERT INTO `gcust_rest` VALUES ('6PG71', '0', '公家休');
INSERT INTO `gcust_rest` VALUES ('6PG91', '0', '公家休');
INSERT INTO `gcust_rest` VALUES ('6PH11', '0', '公家休');
INSERT INTO `gcust_rest` VALUES ('6PQ21', '0', '公家休');
INSERT INTO `gcust_rest` VALUES ('6PH51', '0', '公家休');
INSERT INTO `gcust_rest` VALUES ('6PI61', '0', '公家休');
INSERT INTO `gcust_rest` VALUES ('6PI81', '0', '公家休');
INSERT INTO `gcust_rest` VALUES ('6PI91', 'B', '週1.4.5送');
INSERT INTO `gcust_rest` VALUES ('6PI91', 'M', '週1,3,5送');
INSERT INTO `gcust_rest` VALUES ('6PI91', '0', '公家休');
INSERT INTO `gcust_rest` VALUES ('6PK41', '0', '公家休');
INSERT INTO `gcust_rest` VALUES ('6PJ51', '0', '公家休');
INSERT INTO `gcust_rest` VALUES ('6PJ61', '0', '公家休');
INSERT INTO `gcust_rest` VALUES ('6PK51', '0', '公家休');
INSERT INTO `gcust_rest` VALUES ('6PK61', '0', '公家休');
INSERT INTO `gcust_rest` VALUES ('6PK71', '0', '公家休');
INSERT INTO `gcust_rest` VALUES ('6PL61', '0', '公家休');
INSERT INTO `gcust_rest` VALUES ('5A2F1', 'S', '星期1.4送');
INSERT INTO `gcust_rest` VALUES ('5A2F1', '0', '公家休');
INSERT INTO `gcust_rest` VALUES ('6PN91', '0', '公家休');
INSERT INTO `gcust_rest` VALUES ('6PX41', '0', '公家休');
INSERT INTO `gcust_rest` VALUES ('6PL71', '0', '公家休');
INSERT INTO `gcust_rest` VALUES ('5A2V1', '0', '公家休');
INSERT INTO `gcust_rest` VALUES ('5A881', '0', '公家休');
INSERT INTO `gcust_rest` VALUES ('5AAQ1', '0', '公家休');
INSERT INTO `gcust_rest` VALUES ('5A2D1', '0', '公家休');
INSERT INTO `gcust_rest` VALUES ('5A3A1', '0', '公家休');
INSERT INTO `gcust_rest` VALUES ('6P1S1', '0', '公家休');
INSERT INTO `gcust_rest` VALUES ('6PL81', '0', '公家休');
INSERT INTO `gcust_rest` VALUES ('6PM11', '0', '公家休');
INSERT INTO `gcust_rest` VALUES ('6PM21', '0', '公家休');
INSERT INTO `gcust_rest` VALUES ('6PM31', '0', '公家休');
INSERT INTO `gcust_rest` VALUES ('6PM41', '0', '公家休');
INSERT INTO `gcust_rest` VALUES ('6PM71', '0', '公家休');
INSERT INTO `gcust_rest` VALUES ('6PM71', 'J', '固送星期二');
INSERT INTO `gcust_rest` VALUES ('6PM81', '0', '公家休');
INSERT INTO `gcust_rest` VALUES ('5AG11', '0', '公家休');
INSERT INTO `gcust_rest` VALUES ('6PN31', '0', '公家休');
INSERT INTO `gcust_rest` VALUES ('6PN41', '0', '公家休');
INSERT INTO `gcust_rest` VALUES ('6PN71', '0', '公家休');
INSERT INTO `gcust_rest` VALUES ('6PP41', '0', '公家休');
INSERT INTO `gcust_rest` VALUES ('6PP71', '0', '公家休');
INSERT INTO `gcust_rest` VALUES ('5A2Q1', '0', '公家休');
INSERT INTO `gcust_rest` VALUES ('6PP81', '0', '公家休');
INSERT INTO `gcust_rest` VALUES ('6PQ11', '0', '公家休');
INSERT INTO `gcust_rest` VALUES ('6PQ31', '0', '公家休');
INSERT INTO `gcust_rest` VALUES ('6PQ41', '0', '公家休');
INSERT INTO `gcust_rest` VALUES ('6PQ61', '0', '公家休');
INSERT INTO `gcust_rest` VALUES ('5A681', '0', '公家休');
INSERT INTO `gcust_rest` VALUES ('5A691', 'N', '週3,5送');
INSERT INTO `gcust_rest` VALUES ('5AQ71', '0', '公家休');
INSERT INTO `gcust_rest` VALUES ('5AH91', 'F', '固休星期五');
INSERT INTO `gcust_rest` VALUES ('6PQ71', '0', '公家休');
INSERT INTO `gcust_rest` VALUES ('6PQ81', '0', '公家休');
INSERT INTO `gcust_rest` VALUES ('6P921', '0', '公家休');
INSERT INTO `gcust_rest` VALUES ('6PR51', '0', '公家休');
INSERT INTO `gcust_rest` VALUES ('6PR41', '0', '公家休');
INSERT INTO `gcust_rest` VALUES ('5A671', '0', '公家休');
INSERT INTO `gcust_rest` VALUES ('6PR21', '0', '公家休');
INSERT INTO `gcust_rest` VALUES ('6PR71', '0', '公家休');
INSERT INTO `gcust_rest` VALUES ('6PS21', '0', '公家休');
INSERT INTO `gcust_rest` VALUES ('5A441', '0', '公家休');
INSERT INTO `gcust_rest` VALUES ('5AQ91', '0', '公家休');
INSERT INTO `gcust_rest` VALUES ('6PV41', '0', '公家休');
INSERT INTO `gcust_rest` VALUES ('5AL41', 'W', '固送星期三');
INSERT INTO `gcust_rest` VALUES ('5AL41', '0', '公家休');
INSERT INTO `gcust_rest` VALUES ('5AQ41', '0', '公家休');
INSERT INTO `gcust_rest` VALUES ('5A701', '0', '公家休');
INSERT INTO `gcust_rest` VALUES ('5AS61', '0', '公家休');
INSERT INTO `gcust_rest` VALUES ('5AS31', '0', '公家休');
INSERT INTO `gcust_rest` VALUES ('6PS91', '0', '公家休');
INSERT INTO `gcust_rest` VALUES ('6P511', '0', '公家休');
INSERT INTO `gcust_rest` VALUES ('6PS61', '0', '公家休');
INSERT INTO `gcust_rest` VALUES ('5AS21', '0', '公家休');
INSERT INTO `gcust_rest` VALUES ('5AT11', '0', '公家休');
INSERT INTO `gcust_rest` VALUES ('6PT21', '0', '公家休');
INSERT INTO `gcust_rest` VALUES ('6PT61', '0', '公家休');
INSERT INTO `gcust_rest` VALUES ('6PT71', '0', '公家休');
INSERT INTO `gcust_rest` VALUES ('6PT81', '0', '公家休');
INSERT INTO `gcust_rest` VALUES ('5AT61', '0', '公家休');
INSERT INTO `gcust_rest` VALUES ('5AT21', '0', '公家休');
INSERT INTO `gcust_rest` VALUES ('6PU11', '0', '公家休');
INSERT INTO `gcust_rest` VALUES ('5AA11', '0', '公家休');
INSERT INTO `gcust_rest` VALUES ('5AU11', '0', '公家休');
INSERT INTO `gcust_rest` VALUES ('5AU21', '0', '公家休');
INSERT INTO `gcust_rest` VALUES ('6PU21', '0', '公家休');
INSERT INTO `gcust_rest` VALUES ('6P1D1', '0', '公家休');
INSERT INTO `gcust_rest` VALUES ('5AU91', '0', '公家休');
INSERT INTO `gcust_rest` VALUES ('5AV11', '0', '公家休');
INSERT INTO `gcust_rest` VALUES ('5AV41', '0', '公家休');
INSERT INTO `gcust_rest` VALUES ('5AS21', 'K', '週1,3,4送');
INSERT INTO `gcust_rest` VALUES ('5AAL1', '0', '公家休');
INSERT INTO `gcust_rest` VALUES ('6PU51', '0', '公家休');
INSERT INTO `gcust_rest` VALUES ('5AZ61', '0', '公家休');
INSERT INTO `gcust_rest` VALUES ('6PC71', '0', '公家休');
INSERT INTO `gcust_rest` VALUES ('6PU71', '0', '公家休');
INSERT INTO `gcust_rest` VALUES ('6PU81', '0', '公家休');
INSERT INTO `gcust_rest` VALUES ('5AZ51', '0', '公家休');
INSERT INTO `gcust_rest` VALUES ('5AP61', '0', '公家休');
INSERT INTO `gcust_rest` VALUES ('5AZ91', '0', '公家休');
INSERT INTO `gcust_rest` VALUES ('6PV21', '0', '公家休');
INSERT INTO `gcust_rest` VALUES ('6PV81', '0', '公家休');
INSERT INTO `gcust_rest` VALUES ('5AV81', '0', '公家休');
INSERT INTO `gcust_rest` VALUES ('6PV61', '0', '公家休');
INSERT INTO `gcust_rest` VALUES ('6P671', '0', '公家休');
INSERT INTO `gcust_rest` VALUES ('5AB11', '0', '公家休');
INSERT INTO `gcust_rest` VALUES ('5A941', '0', '公家休');
INSERT INTO `gcust_rest` VALUES ('5AC31', 'P', '固休星期三');
INSERT INTO `gcust_rest` VALUES ('5A811', '0', '公家休');
INSERT INTO `gcust_rest` VALUES ('6P141', '0', '公家休');
INSERT INTO `gcust_rest` VALUES ('6P5A1', '0', '公家休');
INSERT INTO `gcust_rest` VALUES ('5A851', '0', '公家休');
INSERT INTO `gcust_rest` VALUES ('6P6A1', '0', '公家休');
INSERT INTO `gcust_rest` VALUES ('5AAR1', 'Q', '固休星期四');
INSERT INTO `gcust_rest` VALUES ('6PT41', '0', '公家休');
INSERT INTO `gcust_rest` VALUES ('5AAE1', '0', '公家休');
INSERT INTO `gcust_rest` VALUES ('5AA81', 'K', '週1,3,4送');
INSERT INTO `gcust_rest` VALUES ('6PW11', '0', '公家休');
INSERT INTO `gcust_rest` VALUES ('6PA31', '0', '公家休');
INSERT INTO `gcust_rest` VALUES ('6PW61', '0', '公家休');
INSERT INTO `gcust_rest` VALUES ('6P631', '0', '公家休');
INSERT INTO `gcust_rest` VALUES ('5A3F1', 'N', '週3,5送');
INSERT INTO `gcust_rest` VALUES ('6PX61', '0', '公家休');
INSERT INTO `gcust_rest` VALUES ('5A2M1', '0', '公家休');
INSERT INTO `gcust_rest` VALUES ('5AW51', '0', '公家休');
INSERT INTO `gcust_rest` VALUES ('6P7C1', '0', '公家休');
INSERT INTO `gcust_rest` VALUES ('6P7D1', '0', '公家休');
INSERT INTO `gcust_rest` VALUES ('5A2P1', '0', '公家休');
INSERT INTO `gcust_rest` VALUES ('6P1F1', '0', '公家休');
INSERT INTO `gcust_rest` VALUES ('6P2C1', '0', '公家休');
INSERT INTO `gcust_rest` VALUES ('6P1K1', '0', '公家休');
INSERT INTO `gcust_rest` VALUES ('6P1M1', '0', '公家休');
INSERT INTO `gcust_rest` VALUES ('6P1P1', '0', '公家休');
INSERT INTO `gcust_rest` VALUES ('5A1G1', '0', '公家休');
INSERT INTO `gcust_rest` VALUES ('6P2D1', '0', '公家休');
INSERT INTO `gcust_rest` VALUES ('5A1H1', '0', '公家休');
INSERT INTO `gcust_rest` VALUES ('5AL61', 'O', '固休星期二');
INSERT INTO `gcust_rest` VALUES ('5AW61', '0', '公家休');
INSERT INTO `gcust_rest` VALUES ('6P1S1', 'T', '星期2.4送');
INSERT INTO `gcust_rest` VALUES ('5A1K1', '0', '公家休');
INSERT INTO `gcust_rest` VALUES ('5A1P1', '0', '公家休');
INSERT INTO `gcust_rest` VALUES ('5A1P1', 'G', '固送星期一');
INSERT INTO `gcust_rest` VALUES ('5A1P1', 'W', '固送星期三');
INSERT INTO `gcust_rest` VALUES ('5A1P1', 'I', '固送星期四');
INSERT INTO `gcust_rest` VALUES ('5A1P1', 'H', '固送星期五');
INSERT INTO `gcust_rest` VALUES ('5A1P1', 'J', '固送星期二');
INSERT INTO `gcust_rest` VALUES ('5A1S1', '0', '公家休');
INSERT INTO `gcust_rest` VALUES ('5AD81', '0', '公家休');
INSERT INTO `gcust_rest` VALUES ('5A3X1', 'A', '週1.2.4送');
INSERT INTO `gcust_rest` VALUES ('6P1S1', 'M', '週1,3,5送');
INSERT INTO `gcust_rest` VALUES ('6P1T1', '0', '公家休');
INSERT INTO `gcust_rest` VALUES ('5A2X1', '0', '公家休');
INSERT INTO `gcust_rest` VALUES ('5A1W1', '0', '公家休');
INSERT INTO `gcust_rest` VALUES ('5AH91', 'P', '固休星期三');
INSERT INTO `gcust_rest` VALUES ('5AR51', 'O', '固休星期二');
INSERT INTO `gcust_rest` VALUES ('5A2V1', 'N', '週3,5送');
INSERT INTO `gcust_rest` VALUES ('5AM61', '0', '公家休');
INSERT INTO `gcust_rest` VALUES ('5A3B1', '0', '公家休');
INSERT INTO `gcust_rest` VALUES ('5AR51', '0', '公家休');
INSERT INTO `gcust_rest` VALUES ('5A1S1', 'O', '固休星期二');
INSERT INTO `gcust_rest` VALUES ('5A2X1', 'T', '星期2.4送');
INSERT INTO `gcust_rest` VALUES ('5A2Y1', '0', '公家休');
INSERT INTO `gcust_rest` VALUES ('5A3G1', '0', '公家休');
INSERT INTO `gcust_rest` VALUES ('5A2Q1', 'AB', '週1.2.5送');
INSERT INTO `gcust_rest` VALUES ('6PF71', 'BC', '固送星期六');
INSERT INTO `gcust_rest` VALUES ('5A3F1', '0', '公家休');
INSERT INTO `gcust_rest` VALUES ('5A3K1', '0', '公家休');
INSERT INTO `gcust_rest` VALUES ('5A3N1', '0', '公家休');
INSERT INTO `gcust_rest` VALUES ('5A3F1', 'J', '固送星期二');
INSERT INTO `gcust_rest` VALUES ('5A3V1', '0', '公家休');
INSERT INTO `gcust_rest` VALUES ('5AS31', 'E', '週2,3,5送1,4,6假日休');
INSERT INTO `gcust_rest` VALUES ('6P4B1', '0', '公家休');
INSERT INTO `gcust_rest` VALUES ('5A3F1', 'O', '固休星期二');
INSERT INTO `gcust_rest` VALUES ('5A3X1', '0', '公家休');
INSERT INTO `gcust_rest` VALUES ('5A881', 'I', '固送星期四');
INSERT INTO `gcust_rest` VALUES ('6PF51', '0', '公家休');
INSERT INTO `gcust_rest` VALUES ('5A2G1', '0', '公家休');
INSERT INTO `gcust_rest` VALUES ('5A2D1', 'Z', '週2.5送');
INSERT INTO `gcust_rest` VALUES ('5A3F1', 'S', '星期1.4送');
INSERT INTO `gcust_rest` VALUES ('5A3E1', '0', '公家休');
INSERT INTO `gcust_rest` VALUES ('5A2Q1', 'E', '週2,3,5送1,4,6假日休');
INSERT INTO `gcust_rest` VALUES ('5AH91', 'K', '週1,3,4送');
INSERT INTO `gcust_rest` VALUES ('5AS21', 'M', '週1,3,5送');
INSERT INTO `gcust_rest` VALUES ('5AAR1', 'W', '固送星期三');
INSERT INTO `gcust_rest` VALUES ('5A4E1', '0', '公家休');
INSERT INTO `gcust_rest` VALUES ('5A3R1', '0', '公家休');
INSERT INTO `gcust_rest` VALUES ('5A3U1', '0', '公家休');
INSERT INTO `gcust_rest` VALUES ('5A3S1', '0', '公家休');
INSERT INTO `gcust_rest` VALUES ('6PH81', '0', '公家休');
INSERT INTO `gcust_rest` VALUES ('5A5M1', '0', '公家休');
INSERT INTO `gcust_rest` VALUES ('5A5B1', '0', '公家休');
INSERT INTO `gcust_rest` VALUES ('6PH21', '0', '公家休');
INSERT INTO `gcust_rest` VALUES ('5A4M1', '0', '公家休');
INSERT INTO `gcust_rest` VALUES ('5A4M1', 'C', '固休星期一');
INSERT INTO `gcust_rest` VALUES ('5A4J1', '0', '公家休');
INSERT INTO `gcust_rest` VALUES ('6P3F1', 'M', '週1,3,5送');
INSERT INTO `gcust_rest` VALUES ('5A2Q1', 'C', '固休星期一');
INSERT INTO `gcust_rest` VALUES ('5A4P1', '0', '公家休');
INSERT INTO `gcust_rest` VALUES ('6PH21', 'M', '週1,3,5送');
INSERT INTO `gcust_rest` VALUES ('6PN61', '0', '公家休');
INSERT INTO `gcust_rest` VALUES ('5AS31', 'P', '固休星期三');
INSERT INTO `gcust_rest` VALUES ('6P2J1', '0', '公家休');
INSERT INTO `gcust_rest` VALUES ('6PN11', '0', '公家休');
INSERT INTO `gcust_rest` VALUES ('6P1V1', '0', '公家休');
INSERT INTO `gcust_rest` VALUES ('5A4S1', '0', '公家休');
INSERT INTO `gcust_rest` VALUES ('5A4T1', '0', '公家休');
INSERT INTO `gcust_rest` VALUES ('5A4T1', 'Q', '固休星期四');
INSERT INTO `gcust_rest` VALUES ('6P2H1', 'C', '固休星期一');
INSERT INTO `gcust_rest` VALUES ('5AT21', 'J', '固送星期二');
INSERT INTO `gcust_rest` VALUES ('5A4U1', '0', '公家休');
INSERT INTO `gcust_rest` VALUES ('5A6G1', '0', '公家休');
INSERT INTO `gcust_rest` VALUES ('6P3H1', '0', '公家休');
INSERT INTO `gcust_rest` VALUES ('6PV81', 'M', '週1,3,5送');
INSERT INTO `gcust_rest` VALUES ('5A2M1', 'S', '星期1.4送');
INSERT INTO `gcust_rest` VALUES ('5A5J1', '0', '公家休');
INSERT INTO `gcust_rest` VALUES ('5A5A1', '0', '公家休');
INSERT INTO `gcust_rest` VALUES ('5AW61', 'G', '固送星期一');
INSERT INTO `gcust_rest` VALUES ('5A4Y1', '0', '公家休');
INSERT INTO `gcust_rest` VALUES ('5A3F1', 'T', '星期2.4送');
INSERT INTO `gcust_rest` VALUES ('5A5P1', 'J', '固送星期二');
INSERT INTO `gcust_rest` VALUES ('5A2Q1', 'X', '週1.2.3送');
INSERT INTO `gcust_rest` VALUES ('5A5L1', '0', '公家休');
INSERT INTO `gcust_rest` VALUES ('5AT21', 'N', '週3,5送');
INSERT INTO `gcust_rest` VALUES ('5AB71', '0', '公家休');
INSERT INTO `gcust_rest` VALUES ('5AB71', 'B', '週1.4.5送');
INSERT INTO `gcust_rest` VALUES ('5AW61', 'J', '固送星期二');
INSERT INTO `gcust_rest` VALUES ('5AW61', 'W', '固送星期三');
INSERT INTO `gcust_rest` VALUES ('5AW61', 'I', '固送星期四');
INSERT INTO `gcust_rest` VALUES ('5AW61', 'H', '固送星期五');
INSERT INTO `gcust_rest` VALUES ('5A5P1', 'M', '週1,3,5送');
INSERT INTO `gcust_rest` VALUES ('5A3Y1', '0', '公家休');
INSERT INTO `gcust_rest` VALUES ('6P6B1', '0', '公家休');
INSERT INTO `gcust_rest` VALUES ('6P6B1', 'P', '固休星期三');
INSERT INTO `gcust_rest` VALUES ('6P2K1', '0', '公家休');
INSERT INTO `gcust_rest` VALUES ('5A5H1', '0', '公家休');
INSERT INTO `gcust_rest` VALUES ('5A6C1', '0', '公家休');
INSERT INTO `gcust_rest` VALUES ('5A6D1', '0', '公家休');
INSERT INTO `gcust_rest` VALUES ('5AW51', 'E', '週2,3,5送1,4,6假日休');
INSERT INTO `gcust_rest` VALUES ('6P2P1', '0', '公家休');
INSERT INTO `gcust_rest` VALUES ('6P3J1', '0', '公家休');
INSERT INTO `gcust_rest` VALUES ('5A5L1', 'M', '週1,3,5送');
INSERT INTO `gcust_rest` VALUES ('5A5N1', '0', '公家休');
INSERT INTO `gcust_rest` VALUES ('6P2G1', '0', '公家休');
INSERT INTO `gcust_rest` VALUES ('5A5M1', 'T', '星期2.4送');
INSERT INTO `gcust_rest` VALUES ('5A4J1', 'C', '固休星期一');
INSERT INTO `gcust_rest` VALUES ('6P2M1', '0', '公家休');
INSERT INTO `gcust_rest` VALUES ('5A5P1', 'H', '固送星期五');
INSERT INTO `gcust_rest` VALUES ('5A5P1', 'N', '週3,5送');
INSERT INTO `gcust_rest` VALUES ('5A541', 'W', '固送星期三');
INSERT INTO `gcust_rest` VALUES ('5A881', 'N', '週3,5送');
INSERT INTO `gcust_rest` VALUES ('5A5Q1', '0', '公家休');
INSERT INTO `gcust_rest` VALUES ('5A5R1', '0', '公家休');
INSERT INTO `gcust_rest` VALUES ('5A5T1', '0', '公家休');
INSERT INTO `gcust_rest` VALUES ('5H191', '0', '公家休');
INSERT INTO `gcust_rest` VALUES ('5A5V1', '0', '公家休');
INSERT INTO `gcust_rest` VALUES ('6P1L1', '0', '公家休');
INSERT INTO `gcust_rest` VALUES ('6P3T1', '0', '公家休');
INSERT INTO `gcust_rest` VALUES ('6P691', 'T', '星期2.4送');
INSERT INTO `gcust_rest` VALUES ('6P3G1', '0', '公家休');
INSERT INTO `gcust_rest` VALUES ('6P2Q1', '0', '公家休');
INSERT INTO `gcust_rest` VALUES ('5A6H1', '0', '公家休');
INSERT INTO `gcust_rest` VALUES ('5A6J1', '0', '公家休');
INSERT INTO `gcust_rest` VALUES ('6PN91', 'M', '週1,3,5送');
INSERT INTO `gcust_rest` VALUES ('5A5P1', 'W', '固送星期三');
INSERT INTO `gcust_rest` VALUES ('5AQ71', 'E', '週2,3,5送1,4,6假日休');
INSERT INTO `gcust_rest` VALUES ('5AQ71', 'P', '固休星期三');
INSERT INTO `gcust_rest` VALUES ('5A5P1', 'I', '固送星期四');
INSERT INTO `gcust_rest` VALUES ('5A6K1', '0', '公家休');
INSERT INTO `gcust_rest` VALUES ('5A5P1', 'S', '星期1.4送');
INSERT INTO `gcust_rest` VALUES ('6PH71', 'W', '固送星期三');
INSERT INTO `gcust_rest` VALUES ('5AV11', 'N', '週3,5送');
INSERT INTO `gcust_rest` VALUES ('5AP31', '0', '公家休');
INSERT INTO `gcust_rest` VALUES ('6P3H1', 'W', '固送星期三');
INSERT INTO `gcust_rest` VALUES ('5A2G1', 'M', '週1,3,5送');
INSERT INTO `gcust_rest` VALUES ('5A011', '0', '公家休');
INSERT INTO `gcust_rest` VALUES ('5AW81', 'O', '固休星期二');
INSERT INTO `gcust_rest` VALUES ('6PX21', 'T', '星期2.4送');
INSERT INTO `gcust_rest` VALUES ('5A011', 'S', '星期1.4送');
INSERT INTO `gcust_rest` VALUES ('6P151', '0', '公家休');
INSERT INTO `gcust_rest` VALUES ('5A6L1', '0', '公家休');
INSERT INTO `gcust_rest` VALUES ('6PX91', '0', '公家休');
INSERT INTO `gcust_rest` VALUES ('6P4E1', '0', '公家休');
INSERT INTO `gcust_rest` VALUES ('5AB51', 'T', '星期2.4送');
INSERT INTO `gcust_rest` VALUES ('6P4F1', '0', '公家休');
INSERT INTO `gcust_rest` VALUES ('6P4F1', 'T', '星期2.4送');
INSERT INTO `gcust_rest` VALUES ('5A6M1', '0', '公家休');
INSERT INTO `gcust_rest` VALUES ('5AD11', '0', '公家休');
INSERT INTO `gcust_rest` VALUES ('6P3H1', 'P', '固休星期三');
INSERT INTO `gcust_rest` VALUES ('5A1J1', '0', '公家休');
INSERT INTO `gcust_rest` VALUES ('6P4E1', 'F', '固休星期五');
INSERT INTO `gcust_rest` VALUES ('6P011', '0', '公家休');
INSERT INTO `gcust_rest` VALUES ('5A2X1', 'J', '固送星期二');
INSERT INTO `gcust_rest` VALUES ('5A052', '0', '公家休');
INSERT INTO `gcust_rest` VALUES ('5A3X1', 'M', '週1,3,5送');
INSERT INTO `gcust_rest` VALUES ('5A011', 'N', '週3,5送');
INSERT INTO `gcust_rest` VALUES ('6PY11', '0', '公家休');
INSERT INTO `gcust_rest` VALUES ('6P021', '0', '公家休');
INSERT INTO `gcust_rest` VALUES ('5A011', 'Z', '週2.5送');
INSERT INTO `gcust_rest` VALUES ('5A691', '0', '公家休');
INSERT INTO `gcust_rest` VALUES ('5A8M1', 'M', '週1,3,5送');
INSERT INTO `gcust_rest` VALUES ('6P4E1', 'I', '固送星期四');
INSERT INTO `gcust_rest` VALUES ('5A010', '0', '公家休');
INSERT INTO `gcust_rest` VALUES ('6P4F1', 'M', '週1,3,5送');
INSERT INTO `gcust_rest` VALUES ('5AF51', 'M', '週1,3,5送');
INSERT INTO `gcust_rest` VALUES ('5AW71', '0', '公家休');
INSERT INTO `gcust_rest` VALUES ('5AW81', '0', '公家休');
INSERT INTO `gcust_rest` VALUES ('6PY21', '0', '公家休');
INSERT INTO `gcust_rest` VALUES ('5A011', 'Q', '固休星期四');
INSERT INTO `gcust_rest` VALUES ('5AW71', 'N', '週3,5送');
INSERT INTO `gcust_rest` VALUES ('5A691', 'H', '固送星期五');
INSERT INTO `gcust_rest` VALUES ('6P1H1', '0', '公家休');
INSERT INTO `gcust_rest` VALUES ('5AO81', 'M', '週1,3,5送');
INSERT INTO `gcust_rest` VALUES ('6P161', 'J', '固送星期二');

-- ----------------------------
-- Table structure for gprod
-- ----------------------------
DROP TABLE IF EXISTS `gprod`;
CREATE TABLE `gprod` (
  `gprod_id` varchar(3) COLLATE utf8mb4_unicode_ci NOT NULL,
  `gprod_name` varchar(10) COLLATE utf8mb4_unicode_ci DEFAULT NULL,
  `unit_price` decimal(5,1) DEFAULT NULL,
  PRIMARY KEY (`gprod_id`)
) ENGINE=InnoDB DEFAULT CHARSET=utf8mb4 COLLATE=utf8mb4_unicode_ci;

-- ----------------------------
-- Records of gprod
-- ----------------------------
INSERT INTO `gprod` VALUES ('A00', '熱羊乳', '28.0');
INSERT INTO `gprod` VALUES ('A01', '冰羊乳', '28.0');
INSERT INTO `gprod` VALUES ('B01', '冰優酪乳', '30.0');
INSERT INTO `gprod` VALUES ('C00', '熱新鮮屋', '28.0');
INSERT INTO `gprod` VALUES ('C01', '冰新鮮屋', '28.0');
INSERT INTO `gprod` VALUES ('G00', '熱低脂', '30.0');
INSERT INTO `gprod` VALUES ('G01', '冰低脂', '30.0');
INSERT INTO `gprod` VALUES ('x', 'x', '30.0');

-- ----------------------------
-- Table structure for gprod_kvl
-- ----------------------------
DROP TABLE IF EXISTS `gprod_kvl`;
CREATE TABLE `gprod_kvl` (
  `gprod_id` varchar(3) COLLATE utf8mb4_unicode_ci NOT NULL,
  `kvl_id` char(1) COLLATE utf8mb4_unicode_ci NOT NULL,
  `kvl_name` varchar(6) COLLATE utf8mb4_unicode_ci DEFAULT '',
  PRIMARY KEY (`gprod_id`,`kvl_id`)
) ENGINE=InnoDB DEFAULT CHARSET=utf8mb4 COLLATE=utf8mb4_unicode_ci;

-- ----------------------------
-- Records of gprod_kvl
-- ----------------------------
INSERT INTO `gprod_kvl` VALUES ('A00', '1', '原味');
INSERT INTO `gprod_kvl` VALUES ('A00', '2', '微甜');
INSERT INTO `gprod_kvl` VALUES ('A00', '3', '椰漿');
INSERT INTO `gprod_kvl` VALUES ('A00', '4', '巧克力');
INSERT INTO `gprod_kvl` VALUES ('A00', '5', '麥芽');
INSERT INTO `gprod_kvl` VALUES ('A00', '6', '草莓');
INSERT INTO `gprod_kvl` VALUES ('A00', '7', '卵磷脂');
INSERT INTO `gprod_kvl` VALUES ('A00', 'A', '輪送');
INSERT INTO `gprod_kvl` VALUES ('A00', 'D', '輪送-無椰漿');
INSERT INTO `gprod_kvl` VALUES ('A00', 'X', '自輪送');
INSERT INTO `gprod_kvl` VALUES ('A01', '1', '原味');
INSERT INTO `gprod_kvl` VALUES ('A01', '2', '微甜');
INSERT INTO `gprod_kvl` VALUES ('A01', '3', '椰漿');
INSERT INTO `gprod_kvl` VALUES ('A01', '4', '巧克力');
INSERT INTO `gprod_kvl` VALUES ('A01', '5', '麥芽');
INSERT INTO `gprod_kvl` VALUES ('A01', '6', '草莓');
INSERT INTO `gprod_kvl` VALUES ('A01', '7', '卵磷脂');
INSERT INTO `gprod_kvl` VALUES ('A01', 'A', '輪送');
INSERT INTO `gprod_kvl` VALUES ('A01', 'D', '輪送-無椰漿');
INSERT INTO `gprod_kvl` VALUES ('A01', 'X', '自輪送');
INSERT INTO `gprod_kvl` VALUES ('B01', '1', '原味');
INSERT INTO `gprod_kvl` VALUES ('B01', '6', '草莓');
INSERT INTO `gprod_kvl` VALUES ('B01', 'C', '輪送');
INSERT INTO `gprod_kvl` VALUES ('C00', '1', '原味');
INSERT INTO `gprod_kvl` VALUES ('C00', '4', '巧克力');
INSERT INTO `gprod_kvl` VALUES ('C00', '5', '麥芽');
INSERT INTO `gprod_kvl` VALUES ('C00', '6', '草莓');
INSERT INTO `gprod_kvl` VALUES ('C00', '7', '卵磷脂');
INSERT INTO `gprod_kvl` VALUES ('C01', '1', '原味');
INSERT INTO `gprod_kvl` VALUES ('C01', '4', '巧克力');
INSERT INTO `gprod_kvl` VALUES ('C01', '5', '麥芽');
INSERT INTO `gprod_kvl` VALUES ('C01', '6', '草莓');
INSERT INTO `gprod_kvl` VALUES ('C01', '7', '卵磷脂');
INSERT INTO `gprod_kvl` VALUES ('G00', '1', '原味');
INSERT INTO `gprod_kvl` VALUES ('G01', '1', '原味');

-- ----------------------------
-- Table structure for marea_rest
-- ----------------------------
DROP TABLE IF EXISTS `marea_rest`;
CREATE TABLE `marea_rest` (
  `sal_id` int(11) NOT NULL,
  `rest_id` varchar(2) COLLATE utf8mb4_unicode_ci NOT NULL,
  `dv_day` int(3) DEFAULT 0 COMMENT '當期送貨天數'
) ENGINE=InnoDB DEFAULT CHARSET=utf8mb4 COLLATE=utf8mb4_unicode_ci;

-- ----------------------------
-- Records of marea_rest
-- ----------------------------
INSERT INTO `marea_rest` VALUES ('2', '0', '20');
INSERT INTO `marea_rest` VALUES ('2', 'A', '20');
INSERT INTO `marea_rest` VALUES ('2', 'AB', '12');
INSERT INTO `marea_rest` VALUES ('2', 'B', '13');
INSERT INTO `marea_rest` VALUES ('2', 'BC', '20');
INSERT INTO `marea_rest` VALUES ('2', 'C', '14');
INSERT INTO `marea_rest` VALUES ('2', 'E', '15');
INSERT INTO `marea_rest` VALUES ('2', 'F', '15');
INSERT INTO `marea_rest` VALUES ('2', 'G', '18');
INSERT INTO `marea_rest` VALUES ('2', 'H', '20');
INSERT INTO `marea_rest` VALUES ('2', 'I', '12');
INSERT INTO `marea_rest` VALUES ('2', 'J', '12');
INSERT INTO `marea_rest` VALUES ('2', 'K', '13');
INSERT INTO `marea_rest` VALUES ('2', 'M', '14');
INSERT INTO `marea_rest` VALUES ('2', 'N', '15');
INSERT INTO `marea_rest` VALUES ('2', 'O', '16');
INSERT INTO `marea_rest` VALUES ('2', 'P', '16');
INSERT INTO `marea_rest` VALUES ('2', 'Q', '17');
INSERT INTO `marea_rest` VALUES ('2', 'S', '12');
INSERT INTO `marea_rest` VALUES ('2', 'T', '15');
INSERT INTO `marea_rest` VALUES ('2', 'W', '15');
INSERT INTO `marea_rest` VALUES ('2', 'X', '15');
INSERT INTO `marea_rest` VALUES ('2', 'Y', '16');
INSERT INTO `marea_rest` VALUES ('2', 'Z', '16');
INSERT INTO `marea_rest` VALUES ('3', '0', '20');
INSERT INTO `marea_rest` VALUES ('3', 'A', '20');
INSERT INTO `marea_rest` VALUES ('3', 'AB', '12');
INSERT INTO `marea_rest` VALUES ('3', 'B', '13');
INSERT INTO `marea_rest` VALUES ('3', 'BC', '20');
INSERT INTO `marea_rest` VALUES ('3', 'C', '12');
INSERT INTO `marea_rest` VALUES ('3', 'E', '14');
INSERT INTO `marea_rest` VALUES ('3', 'F', '15');
INSERT INTO `marea_rest` VALUES ('3', 'G', '18');
INSERT INTO `marea_rest` VALUES ('3', 'H', '20');
INSERT INTO `marea_rest` VALUES ('3', 'I', '12');
INSERT INTO `marea_rest` VALUES ('3', 'J', '12');
INSERT INTO `marea_rest` VALUES ('3', 'K', '13');
INSERT INTO `marea_rest` VALUES ('3', 'M', '14');
INSERT INTO `marea_rest` VALUES ('3', 'N', '15');
INSERT INTO `marea_rest` VALUES ('3', 'O', '16');
INSERT INTO `marea_rest` VALUES ('3', 'P', '17');
INSERT INTO `marea_rest` VALUES ('3', 'Q', '20');
INSERT INTO `marea_rest` VALUES ('3', 'S', '12');
INSERT INTO `marea_rest` VALUES ('3', 'T', '14');
INSERT INTO `marea_rest` VALUES ('3', 'W', '16');
INSERT INTO `marea_rest` VALUES ('3', 'X', '17');
INSERT INTO `marea_rest` VALUES ('3', 'Y', '15');
INSERT INTO `marea_rest` VALUES ('3', 'Z', '15');
INSERT INTO `marea_rest` VALUES ('6', '6', '6');
INSERT INTO `marea_rest` VALUES ('6', 'AB', '11');
INSERT INTO `marea_rest` VALUES ('6', 'B', '11');
INSERT INTO `marea_rest` VALUES ('6', 'BC', '2');
INSERT INTO `marea_rest` VALUES ('6', 'C', '15');
INSERT INTO `marea_rest` VALUES ('6', 'D', '7');
INSERT INTO `marea_rest` VALUES ('6', 'E', '11');
INSERT INTO `marea_rest` VALUES ('6', 'F', '16');
INSERT INTO `marea_rest` VALUES ('6', 'G', '4');
INSERT INTO `marea_rest` VALUES ('6', 'H', '3');
INSERT INTO `marea_rest` VALUES ('6', 'I', '4');
INSERT INTO `marea_rest` VALUES ('6', 'J', '4');
INSERT INTO `marea_rest` VALUES ('6', 'K', '12');
INSERT INTO `marea_rest` VALUES ('6', 'M', '11');
INSERT INTO `marea_rest` VALUES ('6', 'N', '7');
INSERT INTO `marea_rest` VALUES ('6', 'O', '15');
INSERT INTO `marea_rest` VALUES ('6', 'P', '15');
INSERT INTO `marea_rest` VALUES ('6', 'Q', '15');
INSERT INTO `marea_rest` VALUES ('6', 'R', '12');
INSERT INTO `marea_rest` VALUES ('6', 'S', '8');
INSERT INTO `marea_rest` VALUES ('6', 'T', '8');
INSERT INTO `marea_rest` VALUES ('6', 'U', '8');
INSERT INTO `marea_rest` VALUES ('6', 'V', '8');
INSERT INTO `marea_rest` VALUES ('6', 'W', '4');
INSERT INTO `marea_rest` VALUES ('6', 'X', '12');
INSERT INTO `marea_rest` VALUES ('6', 'Y', '11');
INSERT INTO `marea_rest` VALUES ('6', 'Z', '7');
INSERT INTO `marea_rest` VALUES ('6', '0', '19');
INSERT INTO `marea_rest` VALUES ('7', '0', '21');
INSERT INTO `marea_rest` VALUES ('7', 'A', '13');
INSERT INTO `marea_rest` VALUES ('7', 'AB', '13');
INSERT INTO `marea_rest` VALUES ('7', 'B', '13');
INSERT INTO `marea_rest` VALUES ('7', 'BC', '4');
INSERT INTO `marea_rest` VALUES ('7', 'C', '16');
INSERT INTO `marea_rest` VALUES ('7', 'D', '9');
INSERT INTO `marea_rest` VALUES ('7', 'E', '12');
INSERT INTO `marea_rest` VALUES ('7', 'F', '17');
INSERT INTO `marea_rest` VALUES ('7', 'G', '5');
INSERT INTO `marea_rest` VALUES ('7', 'H', '4');
INSERT INTO `marea_rest` VALUES ('7', 'I', '4');
INSERT INTO `marea_rest` VALUES ('7', 'J', '4');
INSERT INTO `marea_rest` VALUES ('7', 'K', '13');
INSERT INTO `marea_rest` VALUES ('7', 'M', '13');
INSERT INTO `marea_rest` VALUES ('7', 'N', '8');
INSERT INTO `marea_rest` VALUES ('7', 'O', '17');
INSERT INTO `marea_rest` VALUES ('7', 'P', '17');
INSERT INTO `marea_rest` VALUES ('7', 'Q', '17');
INSERT INTO `marea_rest` VALUES ('7', 'R', '12');
INSERT INTO `marea_rest` VALUES ('7', 'S', '9');
INSERT INTO `marea_rest` VALUES ('7', 'T', '8');
INSERT INTO `marea_rest` VALUES ('7', 'U', '8');
INSERT INTO `marea_rest` VALUES ('7', 'V', '9');
INSERT INTO `marea_rest` VALUES ('7', 'W', '4');
INSERT INTO `marea_rest` VALUES ('7', 'X', '13');
INSERT INTO `marea_rest` VALUES ('7', 'Y', '12');
INSERT INTO `marea_rest` VALUES ('7', 'Z', '8');
INSERT INTO `marea_rest` VALUES ('8', '0', '23');
INSERT INTO `marea_rest` VALUES ('8', 'A', '13');
INSERT INTO `marea_rest` VALUES ('8', 'AB', '14');
INSERT INTO `marea_rest` VALUES ('8', 'B', '12');
INSERT INTO `marea_rest` VALUES ('8', 'BC', '4');
INSERT INTO `marea_rest` VALUES ('8', 'C', '18');
INSERT INTO `marea_rest` VALUES ('8', 'D', '8');
INSERT INTO `marea_rest` VALUES ('8', 'E', '14');
INSERT INTO `marea_rest` VALUES ('8', 'F', '18');
INSERT INTO `marea_rest` VALUES ('8', 'G', '4');
INSERT INTO `marea_rest` VALUES ('8', 'H', '4');
INSERT INTO `marea_rest` VALUES ('8', 'I', '4');
INSERT INTO `marea_rest` VALUES ('8', 'J', '5');
INSERT INTO `marea_rest` VALUES ('8', 'K', '13');
INSERT INTO `marea_rest` VALUES ('8', 'M', '14');
INSERT INTO `marea_rest` VALUES ('8', 'N', '9');
INSERT INTO `marea_rest` VALUES ('8', 'O', '17');
INSERT INTO `marea_rest` VALUES ('8', 'P', '17');
INSERT INTO `marea_rest` VALUES ('8', 'Q', '18');
INSERT INTO `marea_rest` VALUES ('8', 'R', '14');
INSERT INTO `marea_rest` VALUES ('8', 'S', '7');
INSERT INTO `marea_rest` VALUES ('8', 'T', '8');
INSERT INTO `marea_rest` VALUES ('8', 'U', '10');
INSERT INTO `marea_rest` VALUES ('8', 'V', '9');
INSERT INTO `marea_rest` VALUES ('8', 'W', '5');
INSERT INTO `marea_rest` VALUES ('8', 'X', '14');
INSERT INTO `marea_rest` VALUES ('8', 'Y', '13');
INSERT INTO `marea_rest` VALUES ('8', 'Z', '9');
INSERT INTO `marea_rest` VALUES ('5', '0', '23');
INSERT INTO `marea_rest` VALUES ('5', 'A', '13');
INSERT INTO `marea_rest` VALUES ('5', 'AB', '13');
INSERT INTO `marea_rest` VALUES ('5', 'B', '13');
INSERT INTO `marea_rest` VALUES ('5', 'BC', '3');
INSERT INTO `marea_rest` VALUES ('5', 'C', '19');
INSERT INTO `marea_rest` VALUES ('5', 'D', '9');
INSERT INTO `marea_rest` VALUES ('5', 'E', '15');
INSERT INTO `marea_rest` VALUES ('5', 'F', '17');
INSERT INTO `marea_rest` VALUES ('5', 'G', '4');
INSERT INTO `marea_rest` VALUES ('5', 'H', '5');
INSERT INTO `marea_rest` VALUES ('5', 'I', '4');
INSERT INTO `marea_rest` VALUES ('5', 'J', '5');
INSERT INTO `marea_rest` VALUES ('5', 'K', '13');
INSERT INTO `marea_rest` VALUES ('5', 'M', '14');
INSERT INTO `marea_rest` VALUES ('5', 'N', '10');
INSERT INTO `marea_rest` VALUES ('5', 'O', '18');
INSERT INTO `marea_rest` VALUES ('5', 'P', '18');
INSERT INTO `marea_rest` VALUES ('5', 'Q', '18');
INSERT INTO `marea_rest` VALUES ('5', 'R', '14');
INSERT INTO `marea_rest` VALUES ('5', 'S', '8');
INSERT INTO `marea_rest` VALUES ('5', 'T', '9');
INSERT INTO `marea_rest` VALUES ('5', 'U', '10');
INSERT INTO `marea_rest` VALUES ('5', 'V', '9');
INSERT INTO `marea_rest` VALUES ('5', 'W', '5');
INSERT INTO `marea_rest` VALUES ('5', 'X', '14');
INSERT INTO `marea_rest` VALUES ('5', 'Y', '14');
INSERT INTO `marea_rest` VALUES ('5', 'Z', '10');
INSERT INTO `marea_rest` VALUES ('4', '0', '20');
INSERT INTO `marea_rest` VALUES ('4', 'A', '12');
INSERT INTO `marea_rest` VALUES ('4', 'AB', '12');
INSERT INTO `marea_rest` VALUES ('4', 'B', '12');
INSERT INTO `marea_rest` VALUES ('4', 'BC', '5');
INSERT INTO `marea_rest` VALUES ('4', 'C', '16');
INSERT INTO `marea_rest` VALUES ('4', 'D', '8');
INSERT INTO `marea_rest` VALUES ('4', 'E', '12');
INSERT INTO `marea_rest` VALUES ('4', 'F', '16');
INSERT INTO `marea_rest` VALUES ('4', 'G', '4');
INSERT INTO `marea_rest` VALUES ('4', 'H', '4');
INSERT INTO `marea_rest` VALUES ('4', 'I', '4');
INSERT INTO `marea_rest` VALUES ('4', 'J', '4');
INSERT INTO `marea_rest` VALUES ('4', 'K', '12');
INSERT INTO `marea_rest` VALUES ('4', 'M', '12');
INSERT INTO `marea_rest` VALUES ('4', 'N', '8');
INSERT INTO `marea_rest` VALUES ('4', 'O', '16');
INSERT INTO `marea_rest` VALUES ('4', 'P', '16');
INSERT INTO `marea_rest` VALUES ('4', 'Q', '16');
INSERT INTO `marea_rest` VALUES ('4', 'R', '12');
INSERT INTO `marea_rest` VALUES ('4', 'S', '8');
INSERT INTO `marea_rest` VALUES ('4', 'T', '8');
INSERT INTO `marea_rest` VALUES ('4', 'U', '8');
INSERT INTO `marea_rest` VALUES ('4', 'V', '8');
INSERT INTO `marea_rest` VALUES ('4', 'W', '4');
INSERT INTO `marea_rest` VALUES ('4', 'X', '12');
INSERT INTO `marea_rest` VALUES ('4', 'Y', '12');
INSERT INTO `marea_rest` VALUES ('4', 'Z', '8');

-- ----------------------------
-- Table structure for marea_sal
-- ----------------------------
DROP TABLE IF EXISTS `marea_sal`;
CREATE TABLE `marea_sal` (
  `sal_id` int(11) NOT NULL AUTO_INCREMENT,
  `marea_id` varchar(6) COLLATE utf8mb4_unicode_ci DEFAULT NULL,
  `str_date` date DEFAULT NULL,
  `end_date` date DEFAULT NULL,
  `sal_day` int(11) DEFAULT NULL COMMENT '天數',
  `up_date` datetime DEFAULT current_timestamp() ON UPDATE current_timestamp(),
  `sal_status` tinyint(4) DEFAULT 0 COMMENT '狀態:0-準備,1-開放,2-結束',
  PRIMARY KEY (`sal_id`)
) ENGINE=InnoDB AUTO_INCREMENT=9 DEFAULT CHARSET=utf8mb4 COLLATE=utf8mb4_unicode_ci;

-- ----------------------------
-- Records of marea_sal
-- ----------------------------
INSERT INTO `marea_sal` VALUES ('1', '', '2020-05-01', '2020-05-31', '20', '2020-10-15 13:25:32', '2');
INSERT INTO `marea_sal` VALUES ('2', null, '2020-06-01', '2020-06-30', '21', '2020-10-15 13:30:10', '2');
INSERT INTO `marea_sal` VALUES ('3', null, '2020-07-01', '2020-07-31', '20', '2020-10-15 13:44:01', '2');
INSERT INTO `marea_sal` VALUES ('4', null, '2020-08-01', '2020-08-31', '19', '2020-10-15 13:43:58', '2');
INSERT INTO `marea_sal` VALUES ('5', null, '2020-09-01', '2020-09-30', '20', '2020-10-15 13:43:56', '2');
INSERT INTO `marea_sal` VALUES ('6', null, '2020-10-01', '2020-10-31', '19', '2020-11-12 09:11:30', '2');
INSERT INTO `marea_sal` VALUES ('7', null, '2020-11-01', '2020-11-30', '21', '2020-11-12 09:11:33', '2');
INSERT INTO `marea_sal` VALUES ('8', null, '2020-12-01', '2020-12-31', '22', '2020-11-12 09:11:35', '1');

-- ----------------------------
-- Table structure for marea_sald
-- ----------------------------
DROP TABLE IF EXISTS `marea_sald`;
CREATE TABLE `marea_sald` (
  `sald_id` int(11) NOT NULL AUTO_INCREMENT COMMENT '訂單明細',
  `sal_id` tinyint(4) DEFAULT NULL COMMENT '訂單型號',
  `gprod_id` varchar(4) COLLATE utf8mb4_unicode_ci DEFAULT NULL COMMENT '商品代號',
  `gprod_name` varchar(100) COLLATE utf8mb4_unicode_ci DEFAULT NULL,
  `kvl_id` char(1) COLLATE utf8mb4_unicode_ci DEFAULT '',
  `sal_price` int(3) DEFAULT 0,
  `tot_amt` int(6) DEFAULT 0 COMMENT '金額',
  `up_date` datetime NOT NULL DEFAULT current_timestamp(),
  PRIMARY KEY (`sald_id`)
) ENGINE=InnoDB DEFAULT CHARSET=utf8mb4 COLLATE=utf8mb4_unicode_ci;

-- ----------------------------
-- Records of marea_sald
-- ----------------------------

-- ----------------------------
-- Table structure for rest
-- ----------------------------
DROP TABLE IF EXISTS `rest`;
CREATE TABLE `rest` (
  `rest_id` varchar(2) COLLATE utf8mb4_unicode_ci NOT NULL,
  `rest_name` varchar(20) COLLATE utf8mb4_unicode_ci DEFAULT '',
  PRIMARY KEY (`rest_id`)
) ENGINE=InnoDB DEFAULT CHARSET=utf8mb4 COLLATE=utf8mb4_unicode_ci;

-- ----------------------------
-- Records of rest
-- ----------------------------
INSERT INTO `rest` VALUES ('0', '公家休');
INSERT INTO `rest` VALUES ('A', '週1.2.4送');
INSERT INTO `rest` VALUES ('AB', '週1.2.5送');
INSERT INTO `rest` VALUES ('B', '週1.4.5送');
INSERT INTO `rest` VALUES ('BC', '固送星期六');
INSERT INTO `rest` VALUES ('C', '固休星期一');
INSERT INTO `rest` VALUES ('D', '週1,5送2,3,4,6假日休');
INSERT INTO `rest` VALUES ('E', '週2,3,5送1,4,6假日休');
INSERT INTO `rest` VALUES ('F', '固休星期五');
INSERT INTO `rest` VALUES ('G', '固送星期一');
INSERT INTO `rest` VALUES ('H', '固送星期五');
INSERT INTO `rest` VALUES ('I', '固送星期四');
INSERT INTO `rest` VALUES ('J', '固送星期二');
INSERT INTO `rest` VALUES ('K', '週1,3,4送');
INSERT INTO `rest` VALUES ('M', '週1,3,5送');
INSERT INTO `rest` VALUES ('N', '週3,5送');
INSERT INTO `rest` VALUES ('O', '固休星期二');
INSERT INTO `rest` VALUES ('P', '固休星期三');
INSERT INTO `rest` VALUES ('Q', '固休星期四');
INSERT INTO `rest` VALUES ('R', '星期2.3.4送');
INSERT INTO `rest` VALUES ('S', '星期1.4送');
INSERT INTO `rest` VALUES ('T', '星期2.4送');
INSERT INTO `rest` VALUES ('U', '星期2.3送');
INSERT INTO `rest` VALUES ('V', '星期1.3送');
INSERT INTO `rest` VALUES ('W', '固送星期三');
INSERT INTO `rest` VALUES ('X', '週1.2.3送');
INSERT INTO `rest` VALUES ('Y', '週2.4.5送');
INSERT INTO `rest` VALUES ('Z', '週2.5送');

-- ----------------------------
-- Table structure for stud
-- ----------------------------
DROP TABLE IF EXISTS `stud`;
CREATE TABLE `stud` (
  `stud_id` int(11) NOT NULL AUTO_INCREMENT,
  `marea_id` varchar(6) COLLATE utf8mb4_unicode_ci DEFAULT NULL,
  `phone` varchar(20) COLLATE utf8mb4_unicode_ci DEFAULT NULL,
  `stud_name` varchar(20) COLLATE utf8mb4_unicode_ci DEFAULT NULL,
  `cls_id` varchar(4) COLLATE utf8mb4_unicode_ci DEFAULT NULL,
  `stud_addr` varchar(200) COLLATE utf8mb4_unicode_ci DEFAULT NULL,
  `up_date` datetime DEFAULT current_timestamp() ON UPDATE current_timestamp(),
  `active` tinyint(4) DEFAULT 1 COMMENT '0-無效,1-生效',
  `ip_addr` varchar(30) COLLATE utf8mb4_unicode_ci DEFAULT NULL,
  PRIMARY KEY (`stud_id`)
) ENGINE=InnoDB AUTO_INCREMENT=246 DEFAULT CHARSET=utf8mb4 COLLATE=utf8mb4_unicode_ci;

-- ----------------------------
-- Records of stud
-- ----------------------------
INSERT INTO `stud` VALUES ('198', '5AL11', '3111111', '陳一一', '2', '', '2020-07-27 17:24:16', '1', null);
INSERT INTO `stud` VALUES ('199', '5AL11', '3111111', '陳二二', '3', '', '2020-07-27 17:25:24', '1', null);
INSERT INTO `stud` VALUES ('200', '5A4E1', '0990-000001', '張大名', '300', '', '2020-08-18 09:51:35', '1', null);
INSERT INTO `stud` VALUES ('201', '5AB51', '0990000002', '陳大明', '1', '', '2020-08-18 10:14:41', '1', null);
INSERT INTO `stud` VALUES ('202', '5A4E1', '0990000004', '花媽媽', '301', '', '2020-08-18 14:04:49', '1', null);
INSERT INTO `stud` VALUES ('203', '6PP71', '0990000005', 'candycho', '101', '', '2020-08-18 14:48:01', '1', null);
INSERT INTO `stud` VALUES ('204', '6PP71', '0990000006', '李曉明', '102', '', '2020-08-18 15:04:09', '1', null);
INSERT INTO `stud` VALUES ('205', '6PP71', '0990-000007', '張大海', '103', '', '2020-08-18 15:04:25', '1', null);
INSERT INTO `stud` VALUES ('206', '6PP71', '0990-000008', '林筱珊', '105', '', '2020-08-18 15:04:44', '1', null);
INSERT INTO `stud` VALUES ('207', '5A4P1', '0990-000009', '莊可愛', '101', '', '2020-08-18 15:27:40', '1', null);
INSERT INTO `stud` VALUES ('208', '5A4P1', '0990-000010', '林耀與', '102', '', '2020-08-18 15:28:15', '1', null);
INSERT INTO `stud` VALUES ('209', '5A4P1', '0990-000011', '陳大陸', '103', '', '2020-08-18 15:28:35', '1', null);
INSERT INTO `stud` VALUES ('210', '5A2D1', '3761234', 'David', '', '', '2020-08-19 14:40:49', '1', null);
INSERT INTO `stud` VALUES ('211', '5A851', '0991-000001', '林小花', '', '', '2020-08-19 15:48:42', '1', null);
INSERT INTO `stud` VALUES ('212', '5A6C1', '0990-000016', '卓小涵', '03', '', '2020-08-19 15:57:09', '1', null);
INSERT INTO `stud` VALUES ('213', '5A6C1', '0990-000017', '卓小盈', '02', '', '2020-08-19 15:57:30', '1', null);
INSERT INTO `stud` VALUES ('214', '5A6C1', '0990-000017', '卓小姐', '01', '', '2020-08-19 15:57:50', '1', null);
INSERT INTO `stud` VALUES ('215', '5AW51', '0990-000012', '陳小名', '001', '', '2020-08-19 16:23:19', '1', null);
INSERT INTO `stud` VALUES ('216', '5AW51', '0990-000012', '王小名', '001', '', '2020-08-19 16:23:39', '1', null);
INSERT INTO `stud` VALUES ('217', '5AW51', '0990-000018', '林小花', '002', '', '2020-08-19 16:24:03', '1', null);
INSERT INTO `stud` VALUES ('218', '5AW51', '0990-000018', '謝小花', '002', '', '2020-08-19 16:24:22', '1', null);
INSERT INTO `stud` VALUES ('219', '5AW51', '0990-000019', '顏小氣', '003', '', '2020-08-19 16:24:43', '1', null);
INSERT INTO `stud` VALUES ('220', '5AW51', '0990-000019', '詹校名', '003', '', '2020-08-19 16:25:05', '1', null);
INSERT INTO `stud` VALUES ('221', '6PG51', '0990-000020', '林青霞', '', ' 三峽區大義路68號', '2020-08-20 13:18:36', '1', '36.228.9.65');
INSERT INTO `stud` VALUES ('222', '6P691', '0990-000021', '王大偉', '', ' 三峽區大義路168號', '2020-08-20 13:33:53', '1', '36.228.9.65');
INSERT INTO `stud` VALUES ('223', '6P7D1', '0990-000022', '謝小優', '109', ' ', '2020-08-20 13:38:11', '1', '36.228.9.65');
INSERT INTO `stud` VALUES ('224', '5A491', '0990-000023', '顧祥祥', '', ' ', '2020-08-20 13:41:22', '1', '36.228.9.65');
INSERT INTO `stud` VALUES ('225', '6P401', '0990-000024', '陳聰明', '', ' 三峽區大義路168號', '2020-08-20 13:43:37', '1', '36.228.9.65');
INSERT INTO `stud` VALUES ('226', '5A1P1', '0990-000025', '沈玉琳', '', ' ', '2020-08-20 13:46:34', '1', '36.228.9.65');
INSERT INTO `stud` VALUES ('227', '6PH21', '3662506', '林涵營', '001', '', '2020-08-20 14:09:09', '1', null);
INSERT INTO `stud` VALUES ('228', '6PH21', '0900-000202', '卓小妹', '002', '', '2020-08-20 14:09:22', '1', null);
INSERT INTO `stud` VALUES ('229', '6PH21', '3662500', '林青霞', '003', '', '2020-08-20 14:09:33', '1', null);
INSERT INTO `stud` VALUES ('230', '6PJ51', '3662500', '王珍珠', '001', '', '2020-08-20 16:05:35', '1', null);
INSERT INTO `stud` VALUES ('231', '5A011', '3662500', '丁小雨', '011', '', '2020-08-21 14:47:41', '1', null);
INSERT INTO `stud` VALUES ('232', '5A011', '3662500', '丁大餅', '012', '', '2020-08-21 14:53:12', '1', null);
INSERT INTO `stud` VALUES ('233', '5A011', '3662500', '丁可美', '009', '', '2020-08-21 14:54:30', '1', null);
INSERT INTO `stud` VALUES ('234', '5A011', '3662500', '崔姍姍', '001', '', '2020-08-21 14:55:34', '1', null);
INSERT INTO `stud` VALUES ('235', '5A011', '0900-000202', '陳星光', '013', '', '2020-08-21 15:02:14', '1', null);
INSERT INTO `stud` VALUES ('236', '5A011', '0900-000202', '王小名', '001', '', '2020-08-21 15:37:45', '1', null);
INSERT INTO `stud` VALUES ('237', '5A2G1', '0990-000001', '卓小寒', '17', '', '2020-10-08 15:21:09', '1', null);
INSERT INTO `stud` VALUES ('238', '5A2G1', '3660001', '張大名', '6', '', '2020-10-08 15:21:21', '1', null);
INSERT INTO `stud` VALUES ('239', '5A2G1', '0900000001', 'candy', '5', '', '2020-10-08 15:39:59', '1', null);
INSERT INTO `stud` VALUES ('240', '5A2G1', '3333334', 'candy', '0', ' ', '2020-10-08 15:42:17', '1', '220.141.115.38');
INSERT INTO `stud` VALUES ('241', '5A1K1', '0911-111111', '洪小明', '1', ' 介壽路二段', '2020-11-11 13:45:35', '1', '110.50.149.142');
INSERT INTO `stud` VALUES ('242', '6PX21', '0922-222222', '洪小明', '105', ' 三峽學府路', '2020-11-12 10:20:11', '1', '110.50.141.244');
INSERT INTO `stud` VALUES ('243', '6PX21', '0922-222222', '洪大明', '110', '', '2020-11-12 10:38:23', '1', null);
INSERT INTO `stud` VALUES ('244', '6PX21', '0933-333333', '洪小花', '105', '', '2020-11-12 10:39:17', '1', null);
INSERT INTO `stud` VALUES ('245', '6PX21', '0933-333333', '洪大花', '106', '', '2020-11-12 10:39:43', '1', null);

-- ----------------------------
-- Table structure for stud_bye
-- ----------------------------
DROP TABLE IF EXISTS `stud_bye`;
CREATE TABLE `stud_bye` (
  `bye_id` int(11) NOT NULL AUTO_INCREMENT COMMENT '訂購序號',
  `sal_id` int(11) DEFAULT NULL,
  `stud_id` int(11) DEFAULT NULL,
  `gprod_id` varchar(3) COLLATE utf8mb4_unicode_ci DEFAULT '' COMMENT '訂購商品',
  `kvl_id` char(1) COLLATE utf8mb4_unicode_ci DEFAULT '' COMMENT '當期訂單口味輪式',
  `rest_id` varchar(2) COLLATE utf8mb4_unicode_ci DEFAULT NULL COMMENT '當期訂單休式',
  `sal_day` tinyint(2) DEFAULT 0 COMMENT '訂單天數',
  `unit_price` decimal(5,1) DEFAULT 0.0 COMMENT '單價',
  `wk1` char(1) COLLATE utf8mb4_unicode_ci DEFAULT NULL COMMENT 'X輪週一口味',
  `wk2` char(1) COLLATE utf8mb4_unicode_ci DEFAULT NULL COMMENT 'X輪週二口味',
  `wk3` char(1) COLLATE utf8mb4_unicode_ci DEFAULT NULL COMMENT 'X輪週三口味',
  `wk4` char(1) COLLATE utf8mb4_unicode_ci DEFAULT NULL COMMENT 'X輪週四口味',
  `wk5` char(1) COLLATE utf8mb4_unicode_ci DEFAULT NULL COMMENT 'X輪週五口味',
  `wk6` char(1) COLLATE utf8mb4_unicode_ci DEFAULT NULL COMMENT 'X輪週六口味',
  `wk7` char(1) COLLATE utf8mb4_unicode_ci DEFAULT NULL COMMENT 'X輪週日口味',
  `bye_desp` varchar(100) COLLATE utf8mb4_unicode_ci DEFAULT NULL COMMENT '備註說明',
  `bye_date` datetime DEFAULT current_timestamp() ON UPDATE current_timestamp(),
  `ip_addr` varchar(30) COLLATE utf8mb4_unicode_ci DEFAULT NULL,
  PRIMARY KEY (`bye_id`),
  KEY `sald_id` (`gprod_id`),
  KEY `sal_id` (`sal_id`)
) ENGINE=InnoDB AUTO_INCREMENT=211 DEFAULT CHARSET=utf8mb4 COLLATE=utf8mb4_unicode_ci;

-- ----------------------------
-- Records of stud_bye
-- ----------------------------
INSERT INTO `stud_bye` VALUES ('163', '2', '198', 'A01', 'X', '0', '20', '28.0', '1', '5', '4', '3', '2', '7', '1', '', '2020-07-27 17:43:58', '2404:0:8034:cec3:d12f:b24:25e8');
INSERT INTO `stud_bye` VALUES ('164', '2', '200', 'B01', 'C', '0', '20', '30.0', '', '', '', '', '', '', '', '', '2020-08-18 09:57:44', '36.228.9.65');
INSERT INTO `stud_bye` VALUES ('165', '2', '200', 'A01', 'A', '0', '20', '28.0', '', '', '', '', '', '', '', '', '2020-08-18 09:58:12', '36.228.9.65');
INSERT INTO `stud_bye` VALUES ('166', '2', '201', 'A01', 'D', '0', '20', '28.0', '', '', '', '', '', '', '', '', '2020-08-18 10:16:03', '2401:e180:8884:e64e:d50d:c33a:');
INSERT INTO `stud_bye` VALUES ('167', '2', '202', 'A01', 'X', '0', '20', '28.0', '2', '3', '4', '5', '6', '1', '1', '', '2020-08-18 14:05:39', '36.228.9.65');
INSERT INTO `stud_bye` VALUES ('168', '2', '203', 'A00', 'X', '0', '20', '28.0', '1', '2', '3', '4', '4', '1', '1', '', '2020-08-18 14:48:41', '36.228.9.65');
INSERT INTO `stud_bye` VALUES ('169', '2', '204', 'A00', 'X', '0', '20', '28.0', '4', '3', '4', '5', '4', '1', '1', '', '2020-08-18 15:05:23', '36.228.9.65');
INSERT INTO `stud_bye` VALUES ('170', '2', '205', 'A00', 'A', '0', '20', '28.0', '', '', '', '', '', '', '', '', '2020-08-18 15:05:45', '36.228.9.65');
INSERT INTO `stud_bye` VALUES ('171', '2', '206', 'A00', 'D', '0', '20', '28.0', '', '', '', '', '', '', '', '', '2020-08-18 15:06:01', '36.228.9.65');
INSERT INTO `stud_bye` VALUES ('172', '2', '207', 'A01', 'X', '0', '20', '28.0', '4', '4', '3', '5', '3', '1', '1', '', '2020-08-18 15:30:56', '36.228.9.65');
INSERT INTO `stud_bye` VALUES ('173', '2', '208', 'A01', 'X', '0', '20', '28.0', '2', '1', '3', '4', '7', '1', '1', '', '2020-08-18 15:31:20', '36.228.9.65');
INSERT INTO `stud_bye` VALUES ('174', '2', '209', 'A01', 'A', '0', '20', '28.0', '', '', '', '', '', '', '', '', '2020-08-18 15:30:28', '36.228.9.65');
INSERT INTO `stud_bye` VALUES ('175', '2', '211', 'A01', 'X', '0', '20', '28.0', '1', '4', '4', '1', '3', '1', '1', '', '2020-08-19 15:50:11', '2401:e180:8c90:12c3:7d1a:977a:');
INSERT INTO `stud_bye` VALUES ('176', '2', '212', 'A00', 'X', '0', '20', '28.0', '4', '4', '6', '6', '7', '1', '1', '', '2020-08-19 15:58:42', '36.228.9.65');
INSERT INTO `stud_bye` VALUES ('177', '2', '213', 'G00', '1', '0', '20', '30.0', '', '', '', '', '', '', '', '', '2020-08-19 15:59:09', '36.228.9.65');
INSERT INTO `stud_bye` VALUES ('178', '2', '214', 'B01', 'C', '0', '20', '30.0', '', '', '', '', '', '', '', '', '2020-08-19 15:59:30', '36.228.9.65');
INSERT INTO `stud_bye` VALUES ('182', '2', '215', 'A01', '1', 'E', '0', '28.0', '', '', '', '', '', '', '', '', '2020-08-19 16:30:37', '36.228.9.65');
INSERT INTO `stud_bye` VALUES ('184', '2', '221', 'A00', 'A', '0', '20', '28.0', '', '', '', '', '', '', '', '要冰的', '2020-08-20 13:26:31', '36.228.9.65');
INSERT INTO `stud_bye` VALUES ('185', '2', '222', 'A00', 'X', '~請', '0', '28.0', '6', '5', '6', '5', '7', '1', '1', '要冰的', '2020-08-20 13:34:49', '36.228.9.65');
INSERT INTO `stud_bye` VALUES ('187', '2', '223', 'A00', 'X', '0', '20', '28.0', '2', '3', '2', '3', '7', '1', '1', '', '2020-08-20 13:38:48', '36.228.9.65');
INSERT INTO `stud_bye` VALUES ('188', '2', '223', 'B01', 'C', '0', '20', '30.0', '', '', '', '', '', '', '', '', '2020-08-20 13:39:07', '36.228.9.65');
INSERT INTO `stud_bye` VALUES ('189', '2', '224', 'A01', 'D', '0', '20', '28.0', '', '', '', '', '', '', '', '', '2020-08-20 13:41:41', '36.228.9.65');
INSERT INTO `stud_bye` VALUES ('190', '2', '225', 'A00', 'D', '0', '20', '28.0', '', '', '', '', '', '', '', '', '2020-08-20 13:43:56', '36.228.9.65');
INSERT INTO `stud_bye` VALUES ('191', '2', '225', 'B01', '6', '0', '20', '30.0', '', '', '', '', '', '', '', '', '2020-08-20 13:44:12', '36.228.9.65');
INSERT INTO `stud_bye` VALUES ('192', '2', '226', 'B01', 'C', '0', '20', '30.0', '', '', '', '', '', '', '', '', '2020-08-20 13:46:55', '36.228.9.65');
INSERT INTO `stud_bye` VALUES ('193', '2', '226', 'A01', 'X', '0', '20', '28.0', '5', '1', '5', '1', '5', '1', '1', '一三五麥芽', '2020-08-20 13:47:45', '36.228.9.65');
INSERT INTO `stud_bye` VALUES ('194', '2', '227', 'A00', 'X', 'M', '0', '28.0', '4', '5', '1', '1', '6', '1', '1', '', '2020-08-20 14:10:10', '36.228.9.65');
INSERT INTO `stud_bye` VALUES ('195', '2', '228', 'A00', 'D', 'M', '0', '28.0', '', '', '', '', '', '', '', '', '2020-08-20 14:10:41', '36.228.9.65');
INSERT INTO `stud_bye` VALUES ('196', '2', '229', 'A00', 'A', 'M', '0', '28.0', '', '', '', '', '', '', '', '', '2020-08-20 14:11:01', '36.228.9.65');
INSERT INTO `stud_bye` VALUES ('197', '2', '230', 'A00', 'D', '0', '20', '28.0', '', '', '', '', '', '', '', '', '2020-08-20 16:05:57', '36.228.9.65');
INSERT INTO `stud_bye` VALUES ('198', '2', '231', 'A00', '1', '0', '20', '28.0', '', '', '', '', '', '', '', '', '2020-08-21 14:48:39', '36.228.9.65');
INSERT INTO `stud_bye` VALUES ('199', '2', '231', 'B01', 'C', 'S', '12', '30.0', '', '', '', '', '', '', '', '', '2020-08-21 14:49:04', '36.228.9.65');
INSERT INTO `stud_bye` VALUES ('200', '2', '231', 'G00', '1', 'N', '15', '30.0', '', '', '', '', '', '', '', '', '2020-08-21 14:49:24', '36.228.9.65');
INSERT INTO `stud_bye` VALUES ('201', '2', '231', 'A00', 'X', 'Q', '17', '28.0', '3', '5', '3', '5', '3', '1', '1', '', '2020-08-21 14:49:55', '36.228.9.65');
INSERT INTO `stud_bye` VALUES ('202', '2', '232', 'B01', 'C', '0', '20', '30.0', '', '', '', '', '', '', '', '', '2020-08-21 14:53:58', '36.228.9.65');
INSERT INTO `stud_bye` VALUES ('203', '2', '233', 'G00', '1', 'Q', '17', '30.0', '', '', '', '', '', '', '', '', '2020-08-21 14:55:10', '36.228.9.65');
INSERT INTO `stud_bye` VALUES ('204', '2', '234', 'A00', 'A', 'Z', '16', '28.0', '', '', '', '', '', '', '', '', '2020-08-21 14:55:55', '36.228.9.65');
INSERT INTO `stud_bye` VALUES ('205', '2', '235', 'A00', 'X', 'Q', '17', '28.0', '5', '6', '5', '1', '6', '1', '1', '', '2020-08-21 15:03:26', '36.228.9.65');
INSERT INTO `stud_bye` VALUES ('206', '2', '237', 'C01', '1', 'M', '14', '28.0', '', '', '', '', '', '', '', '', '2020-10-08 15:25:41', '220.141.115.38');
INSERT INTO `stud_bye` VALUES ('207', '2', '238', 'B01', 'C', '0', '20', '30.0', '', '', '', '', '', '', '', '', '2020-10-08 15:26:33', '220.141.115.38');
INSERT INTO `stud_bye` VALUES ('208', '2', '240', 'C01', '5', 'M', '14', '28.0', '', '', '', '', '', '', '', '', '2020-10-08 15:43:24', '220.141.115.38');
INSERT INTO `stud_bye` VALUES ('209', '6', '241', 'A01', 'X', '0', '19', '28.0', '3', '5', '4', '6', '7', '1', '1', '', '2020-11-11 13:48:36', '110.50.149.142');
INSERT INTO `stud_bye` VALUES ('210', '8', '242', 'A00', '1', '0', '23', '28.0', '', '', '', '', '', '', '', '', '2020-11-12 10:22:41', '110.50.141.244');

-- ----------------------------
-- Table structure for sys_sales
-- ----------------------------
DROP TABLE IF EXISTS `sys_sales`;
CREATE TABLE `sys_sales` (
  `sales_id` varchar(8) CHARACTER SET utf8mb4 COLLATE utf8mb4_unicode_ci NOT NULL,
  `sales_name` varchar(30) DEFAULT NULL,
  `dept_id` varchar(6) CHARACTER SET utf8mb4 COLLATE utf8mb4_unicode_ci DEFAULT '',
  `ad_date` date DEFAULT NULL,
  `lv_date` date DEFAULT NULL,
  `up_date` timestamp NULL DEFAULT NULL ON UPDATE current_timestamp(),
  PRIMARY KEY (`sales_id`),
  KEY `dept_id` (`dept_id`)
) ENGINE=InnoDB DEFAULT CHARSET=utf8mb4;

-- ----------------------------
-- Records of sys_sales
-- ----------------------------
INSERT INTO `sys_sales` VALUES ('039811', '顧原彰', '8840', '2008-10-09', null, '2020-04-05 15:33:32');
INSERT INTO `sys_sales` VALUES ('03S048', '賴傳湘', '8840', '2012-08-28', null, '2020-04-05 15:33:32');
INSERT INTO `sys_sales` VALUES ('580127', '陳瑞紅', '06PP', '2005-10-01', null, '2020-04-05 15:33:32');
INSERT INTO `sys_sales` VALUES ('650712', '葉淑君', '06PP', '2011-05-05', null, '2020-04-05 15:33:32');
INSERT INTO `sys_sales` VALUES ('660303', '陳金文', '06PP', '1999-03-24', null, '2020-04-05 15:33:32');
INSERT INTO `sys_sales` VALUES ('6PP403', '謝素玲', '06PP', '1997-12-01', null, '2020-04-05 15:33:32');
INSERT INTO `sys_sales` VALUES ('A00000', '桃園所', '05A1', '1997-10-01', null, '2020-04-05 15:33:32');
INSERT INTO `sys_sales` VALUES ('A00001', '江先生', '06PA', '2004-04-08', null, '2020-04-05 15:33:32');
INSERT INTO `sys_sales` VALUES ('A00002', '游美琪', '06P1', '2004-04-08', null, '2020-04-05 15:33:32');
INSERT INTO `sys_sales` VALUES ('A00003', '桃園', '06P1', '2004-04-08', null, '2020-04-05 15:33:32');
INSERT INTO `sys_sales` VALUES ('A00020', '蔡益明', '06P1', '2004-04-08', null, '2020-04-05 15:33:32');
INSERT INTO `sys_sales` VALUES ('A00373', '簡美盈', '06P1', '2019-12-03', null, '2020-04-05 15:33:32');
INSERT INTO `sys_sales` VALUES ('A30038', '簡文章', '06P1', '2017-08-11', null, '2020-04-05 15:33:32');
INSERT INTO `sys_sales` VALUES ('PA0105', '楊書婷', '06PP', '2013-06-13', null, '2020-04-05 15:33:32');
INSERT INTO `sys_sales` VALUES ('S00297', '蘇日新', '06P3', '2012-02-20', null, '2020-04-05 15:33:32');

-- ----------------------------
-- Table structure for sys_uemp
-- ----------------------------
DROP TABLE IF EXISTS `sys_uemp`;
CREATE TABLE `sys_uemp` (
  `id` int(11) NOT NULL AUTO_INCREMENT,
  `emp_id` varchar(30) COLLATE utf8mb4_unicode_ci DEFAULT NULL,
  `emp_name` varchar(30) COLLATE utf8mb4_unicode_ci DEFAULT NULL,
  `emp_pd` varchar(30) COLLATE utf8mb4_unicode_ci DEFAULT NULL,
  `emp_type` tinyint(1) DEFAULT NULL,
  `emp_active` tinyint(1) DEFAULT NULL,
  `up_date` datetime DEFAULT current_timestamp() ON UPDATE current_timestamp(),
  PRIMARY KEY (`id`),
  KEY `emp_id` (`emp_id`)
) ENGINE=InnoDB AUTO_INCREMENT=16 DEFAULT CHARSET=utf8mb4 COLLATE=utf8mb4_unicode_ci;

-- ----------------------------
-- Records of sys_uemp
-- ----------------------------
INSERT INTO `sys_uemp` VALUES ('1', 'david', '徐禎基', '0000', '0', '1', '2020-06-16 23:04:20');
INSERT INTO `sys_uemp` VALUES ('2', 'newnew', '程玟玲', '940601', '1', '1', '2020-05-15 14:04:20');
INSERT INTO `sys_uemp` VALUES ('3', 'candy', '卓涵盈', 'iouzz520', '1', '1', '2020-05-15 14:04:22');
INSERT INTO `sys_uemp` VALUES ('4', 'carol', '游淑芬', '301230', '2', '1', '2020-05-15 14:04:24');
INSERT INTO `sys_uemp` VALUES ('5', 'davidchen', '陳鴻祺', '670112', '2', '1', '2020-05-15 14:04:25');
INSERT INTO `sys_uemp` VALUES ('6', 'ABAOYEH', '葉淑君', '197665', '2', '1', '2020-05-15 14:04:27');
INSERT INTO `sys_uemp` VALUES ('14', '671022', '吳婉如', '980922', '1', '1', '2020-07-02 16:17:11');
INSERT INTO `sys_uemp` VALUES ('15', 'A00353', '洪宇民', 'A00353', '2', '1', '2020-11-12 16:52:44');

-- ----------------------------
-- Table structure for t1
-- ----------------------------
DROP TABLE IF EXISTS `t1`;
CREATE TABLE `t1` (
  `id` int(11) NOT NULL AUTO_INCREMENT,
  `d1` datetime DEFAULT current_timestamp() ON UPDATE current_timestamp(),
  PRIMARY KEY (`id`)
) ENGINE=InnoDB DEFAULT CHARSET=utf8mb4 COLLATE=utf8mb4_unicode_ci;

-- ----------------------------
-- Records of t1
-- ----------------------------
